cols,importance,model_name
order_weekday,0.36924086829964775,tree
order_weekend,0.34601344459759004,tree
delta_avg,0.02742982439391226,tree
order_cancel,0.026031173629847196,tree
order_time_16,0.024161444960000333,tree
order_time_12,0.02325590247151224,tree
order_delivery,0.020037381418319733,tree
order_time_21,0.018936227372116157,tree
order_time_14,0.017932265560273396,tree
order_time_15,0.017163272378446896,tree
order_time_19,0.01651450324851705,tree
order_time_11,0.015296672072902315,tree
order,0.015060033686623396,tree
order_fin,0.014922401687789973,tree
order_time_17,0.010867259363193773,tree
order_takeout,0.009680923869953499,tree
order_time_20,0.007815134462076991,tree
order_time_13,0.004721052119882089,tree
store_逗子店,0.0025175101975096607,tree
store_北千住店,0.0023496761843423497,tree
store_泉店,0.0020140081580077287,tree
store_西葛西店,0.0020140081580077287,tree
store_神田店,0.001977389827862133,tree
store_国立店,0.001315547416341743,tree
store_保土ケ谷店,0.0012307827632269468,tree
store_恵比寿店,0.0008615479342588589,tree
store_駒込店,0.0006397437678377467,tree
store_瀬谷店,0.0,tree
store_海老名店,0.0,tree
store_清瀬店,0.0,tree
store_渋谷店,0.0,tree
store_港北店,0.0,tree
store_港南店,0.0,tree
store_相模原店,0.0,tree
store_熊谷店,0.0,tree
store_狛江店,0.0,tree
store_狭山店,0.0,tree
store_王子店,0.0,tree
store_町田店,0.0,tree
store_白井店,0.0,tree
store_目黒店,0.0,tree
store_石神井店,0.0,tree
store_磯子店,0.0,tree
store_神奈川店,0.0,tree
store_浦安店,0.0,tree
store_水戸店,0.0,tree
store_浦和店,0.0,tree
store_横浜南店,0.0,tree
store_東尾久店,0.0,tree
store_東村山店,0.0,tree
store_東松山店,0.0,tree
store_松戸店,0.0,tree
store_板橋店,0.0,tree
store_柏店,0.0,tree
store_栃木店,0.0,tree
store_栄店,0.0,tree
store_桐生店,0.0,tree
store_横浜緑店,0.0,tree
store_浅草店,0.0,tree
store_横須賀店,0.0,tree
store_武蔵村山店,0.0,tree
store_武蔵野店,0.0,tree
store_秦野店,0.0,tree
store_江戸川店,0.0,tree
store_江東店,0.0,tree
store_池尻店,0.0,tree
store_池袋店,0.0,tree
store_流山店,0.0,tree
store_福生店,0.0,tree
store_茂原店,0.0,tree
store_稲城店,0.0,tree
store_青梅店,0.0,tree
store_足利店,0.0,tree
store_足柄上店,0.0,tree
store_足立店,0.0,tree
store_那珂店,0.0,tree
store_都筑店,0.0,tree
store_金沢店,0.0,tree
store_銀座店,0.0,tree
store_鎌倉店,0.0,tree
store_青山店,0.0,tree
store_青葉店,0.0,tree
store_赤羽店,0.0,tree
store_館林店,0.0,tree
store_駒沢店,0.0,tree
store_高円寺店,0.0,tree
store_高島平店,0.0,tree
store_高崎店,0.0,tree
store_高座店,0.0,tree
store_高津店,0.0,tree
store_高田馬場店,0.0,tree
store_鴻巣店,0.0,tree
store_越谷店,0.0,tree
store_赤坂店,0.0,tree
store_立川店,0.0,tree
store_茅ヶ崎店,0.0,tree
store_綾瀬店,0.0,tree
store_練馬店,0.0,tree
store_羽村店,0.0,tree
store_羽生店,0.0,tree
store_習志野店,0.0,tree
store_自由が丘店,0.0,tree
store_船橋店,0.0,tree
store_若葉店,0.0,tree
store_東久留米店,0.0,tree
store_草加店,0.0,tree
store_谷中店,0.0,tree
store_荒川店,0.0,tree
store_荻窪店,0.0,tree
store_葛飾店,0.0,tree
store_蒲田店,0.0,tree
store_藤沢店,0.0,tree
store_行田店,0.0,tree
store_西多摩店,0.0,tree
store_西東京店,0.0,tree
store_調布店,0.0,tree
store_東大和店,0.0,tree
store_日本橋店,0.0,tree
store_東中野店,0.0,tree
store_厚木店,0.0,tree
store_八千代店,0.0,tree
store_八潮店,0.0,tree
store_八王子店,0.0,tree
store_六本木店,0.0,tree
store_前橋店,0.0,tree
store_千葉中央店,0.0,tree
store_千葉緑店,0.0,tree
store_南砂店,0.0,tree
store_南足柄店,0.0,tree
store_取手店,0.0,tree
store_佐野店,0.0,tree
store_向島店,0.0,tree
store_君津店,0.0,tree
store_和光店,0.0,tree
store_品川店,0.0,tree
store_四街道店,0.0,tree
store_国分寺店,0.0,tree
store_坂戸店,0.0,tree
store_墨田店,0.0,tree
store_多摩店,0.0,tree
store_入間店,0.0,tree
store_佐倉店,0.0,tree
store_大井店,0.0,tree
store_上野店,0.0,tree
order_time_18,0.0,tree
store_あきる野店,0.0,tree
store_さいたま南店,0.0,tree
store_さいたま緑店,0.0,tree
store_さいたま西店,0.0,tree
store_つくば店,0.0,tree
store_三浦店,0.0,tree
store_三鷹店,0.0,tree
store_上尾店,0.0,tree
store_世田谷店,0.0,tree
store_伊勢崎店,0.0,tree
store_中原店,0.0,tree
store_中店,0.0,tree
store_中野店,0.0,tree
store_久喜店,0.0,tree
store_九段店,0.0,tree
store_亀有店,0.0,tree
store_五反田店,0.0,tree
store_代々木店,0.0,tree
store_伊勢原店,0.0,tree
store_大久保店,0.0,tree
store_大和店,0.0,tree
store_杉並店,0.0,tree
store_所沢店,0.0,tree
store_府中店,0.0,tree
store_座間店,0.0,tree
store_志木店,0.0,tree
store_愛甲店,0.0,tree
store_成城店,0.0,tree
store_成田店,0.0,tree
store_我孫子店,0.0,tree
store_戸塚店,0.0,tree
store_戸田店,0.0,tree
store_新宿店,0.0,tree
store_平塚店,0.0,tree
store_新座店,0.0,tree
store_日立店,0.0,tree
store_日野店,0.0,tree
store_旭店,0.0,tree
store_春日部店,0.0,tree
store_昭島店,0.0,tree
store_木更津店,0.0,tree
store_本庄店,0.0,tree
store_本郷店,0.0,tree
store_幸店,0.0,tree
store_市川店,0.0,tree
store_大塚店,0.0,tree
store_富津店,0.0,tree
store_大宮店,0.0,tree
store_大森店,0.0,tree
store_大泉店,0.0,tree
store_大田店,0.0,tree
store_太田店,0.0,tree
store_宇都宮店,0.0,tree
store_守谷店,0.0,tree
store_宮前店,0.0,tree
store_富岡店,0.0,tree
store_富里店,0.0,tree
store_市原店,0.0,tree
store_小山店,0.0,tree
store_小平店,0.0,tree
store_小田原店,0.0,tree
store_小金井店,0.0,tree
store_川口店,0.0,tree
store_川崎多摩店,0.0,tree
store_川崎店,0.0,tree
store_川越店,0.0,tree
store_巣鴨店,0.0,tree
store_鶴見店,0.0,tree
order_weekend,0.18154817309947752,RandomForest
order_weekday,0.10304526581537933,RandomForest
order,0.05435832139261788,RandomForest
order_fin,0.04737681680140429,RandomForest
order_delivery,0.04686432654917213,RandomForest
order_takeout,0.03721744039795752,RandomForest
order_time_15,0.03623472397125683,RandomForest
order_time_16,0.03534703139892641,RandomForest
order_time_17,0.03518555864108965,RandomForest
order_time_14,0.034359786786698,RandomForest
order_cancel,0.03411624404438019,RandomForest
order_time_13,0.03361999091655372,RandomForest
order_time_20,0.033548986781351674,RandomForest
order_time_18,0.0332520873037814,RandomForest
delta_avg,0.0329705361823847,RandomForest
order_time_19,0.032234426973017295,RandomForest
order_time_21,0.032202478275475364,RandomForest
order_time_11,0.032152773959144426,RandomForest
order_time_12,0.03194924749781576,RandomForest
store_座間店,0.0010009929722897873,RandomForest
store_木更津店,0.000854476766904607,RandomForest
store_東松山店,0.0007923159947212011,RandomForest
store_成城店,0.0007912808668832628,RandomForest
store_横浜緑店,0.0007911056563160365,RandomForest
store_狛江店,0.0007829485352837878,RandomForest
store_大久保店,0.0007784361003593,RandomForest
store_神奈川店,0.0007596287184550741,RandomForest
store_国立店,0.0007414847258403325,RandomForest
store_港南店,0.000730764261407993,RandomForest
store_西多摩店,0.0007247173124833922,RandomForest
store_荒川店,0.0007237464402273458,RandomForest
store_渋谷店,0.000723396887805338,RandomForest
store_成田店,0.0007227133433077293,RandomForest
store_熊谷店,0.0007013343534970107,RandomForest
store_恵比寿店,0.0007009689672098456,RandomForest
store_取手店,0.0006992338048284144,RandomForest
store_大田店,0.0006927914388860734,RandomForest
store_西東京店,0.0006922037247996035,RandomForest
store_北千住店,0.0006852124800318863,RandomForest
store_さいたま緑店,0.0006790415225293151,RandomForest
store_日立店,0.0006727549867059879,RandomForest
store_府中店,0.0006723363610088787,RandomForest
store_足柄上店,0.0006719539072590807,RandomForest
store_東大和店,0.0006716550659512468,RandomForest
store_旭店,0.0006698312540990506,RandomForest
store_小平店,0.0006694312314354894,RandomForest
store_葛飾店,0.0006664172837536378,RandomForest
store_自由が丘店,0.0006629157118755437,RandomForest
store_前橋店,0.0006607228332744053,RandomForest
store_九段店,0.0006605741312758282,RandomForest
store_久喜店,0.0006584803101240882,RandomForest
store_八千代店,0.0006581859666960641,RandomForest
store_多摩店,0.0006533022603008551,RandomForest
store_青梅店,0.0006522686584117814,RandomForest
store_赤坂店,0.0006479159331131938,RandomForest
store_桐生店,0.0006470219314882983,RandomForest
store_南砂店,0.0006459606473511289,RandomForest
store_浅草店,0.0006406698996382402,RandomForest
store_羽村店,0.0006363470396651475,RandomForest
store_杉並店,0.0006349719604894379,RandomForest
store_向島店,0.0006349264544248809,RandomForest
store_昭島店,0.0006294259335644837,RandomForest
store_国分寺店,0.0006197306331187838,RandomForest
store_福生店,0.0006186766897389325,RandomForest
store_東尾久店,0.0006175029598983343,RandomForest
store_日野店,0.0006149258804246291,RandomForest
store_立川店,0.0006135138321626373,RandomForest
store_富津店,0.0006101953716970667,RandomForest
store_大泉店,0.0006088276243863044,RandomForest
store_金沢店,0.0006053905038225498,RandomForest
store_松戸店,0.000604354482058658,RandomForest
store_上尾店,0.000600106686890175,RandomForest
store_狭山店,0.0005966097959962627,RandomForest
store_市川店,0.0005882919903432897,RandomForest
store_逗子店,0.0005706577285326272,RandomForest
store_茅ヶ崎店,0.00057034170335179,RandomForest
store_石神井店,0.0005697600103173203,RandomForest
store_鎌倉店,0.0005687273184656258,RandomForest
store_板橋店,0.0005674721036053525,RandomForest
store_墨田店,0.0005622138090385796,RandomForest
store_日本橋店,0.0005568396339503809,RandomForest
store_さいたま西店,0.0005555365093290201,RandomForest
store_つくば店,0.000549613639180847,RandomForest
store_大塚店,0.0005441946730463182,RandomForest
store_中店,0.0005418193891698938,RandomForest
store_宇都宮店,0.0005414130395319212,RandomForest
store_目黒店,0.0005399671787735978,RandomForest
store_亀有店,0.0005397353742235191,RandomForest
store_藤沢店,0.0005376841558606792,RandomForest
store_中野店,0.0005282737192240105,RandomForest
store_上野店,0.000525703768908951,RandomForest
store_川越店,0.0005253325429641506,RandomForest
store_伊勢原店,0.000524402903768185,RandomForest
store_入間店,0.0005197952596441406,RandomForest
store_大宮店,0.0005195238366073956,RandomForest
store_流山店,0.0005169175040551875,RandomForest
store_高座店,0.0005167796121002307,RandomForest
store_足利店,0.0005167205689300313,RandomForest
store_小田原店,0.0005158622918233935,RandomForest
store_那珂店,0.0005088941869055576,RandomForest
store_横須賀店,0.000505471522424887,RandomForest
store_浦和店,0.0005021257397431596,RandomForest
store_品川店,0.0004999523694044915,RandomForest
store_保土ケ谷店,0.0004982350493174515,RandomForest
store_調布店,0.0004979718791916178,RandomForest
store_川口店,0.0004974471161139544,RandomForest
store_荻窪店,0.0004969000530316396,RandomForest
store_高田馬場店,0.0004847262247634504,RandomForest
store_高崎店,0.00048366058428364963,RandomForest
store_愛甲店,0.0004828653609198921,RandomForest
store_巣鴨店,0.000479281936795463,RandomForest
store_鶴見店,0.000477877815510706,RandomForest
store_代々木店,0.00047655509600374416,RandomForest
store_東村山店,0.00047568610148199605,RandomForest
store_王子店,0.0004731196996342746,RandomForest
store_平塚店,0.0004727400832393159,RandomForest
store_川崎多摩店,0.00046757908374197964,RandomForest
store_赤羽店,0.0004647645867222134,RandomForest
store_大森店,0.000462604303074074,RandomForest
store_羽生店,0.00046189502076459993,RandomForest
store_高島平店,0.00046083535121112506,RandomForest
store_六本木店,0.00045599341765363024,RandomForest
store_東久留米店,0.0004553618315738158,RandomForest
store_磯子店,0.00045400358177587105,RandomForest
store_伊勢崎店,0.0004527654017203571,RandomForest
store_東中野店,0.00045029877861071466,RandomForest
store_海老名店,0.0004463028103634225,RandomForest
store_戸田店,0.0004452282166922057,RandomForest
store_瀬谷店,0.00044415418804947545,RandomForest
store_銀座店,0.0004397339956801042,RandomForest
store_坂戸店,0.0004386256101510035,RandomForest
store_習志野店,0.00043544008360978234,RandomForest
store_足立店,0.00043334819078069166,RandomForest
store_新宿店,0.0004244956643552803,RandomForest
store_佐野店,0.0004220194461750126,RandomForest
store_町田店,0.00042118381450953956,RandomForest
store_鴻巣店,0.00042107869964742644,RandomForest
store_所沢店,0.00042095872636116054,RandomForest
store_泉店,0.00041793253967562947,RandomForest
store_池尻店,0.0004162909235603056,RandomForest
store_稲城店,0.0004142828909485197,RandomForest
store_幸店,0.0004141731206530876,RandomForest
store_港北店,0.00041389966697058696,RandomForest
store_春日部店,0.00041258297899399144,RandomForest
store_八潮店,0.0004119585429396961,RandomForest
store_千葉中央店,0.00040361249546472846,RandomForest
store_川崎店,0.00040160775195816095,RandomForest
store_白井店,0.0003968830002313035,RandomForest
store_武蔵村山店,0.0003958630084479064,RandomForest
store_都筑店,0.00039578953590825973,RandomForest
store_横浜南店,0.00039543667864645353,RandomForest
store_相模原店,0.00039336584073700726,RandomForest
store_駒沢店,0.0003895230773181491,RandomForest
store_佐倉店,0.00038698077614651597,RandomForest
store_新座店,0.00038463257791736575,RandomForest
store_あきる野店,0.00038166658701659713,RandomForest
store_若葉店,0.00037959459133205724,RandomForest
store_大井店,0.00037924480902257017,RandomForest
store_越谷店,0.00037698261672185944,RandomForest
store_小金井店,0.00037653421442516337,RandomForest
store_駒込店,0.00037267026040064296,RandomForest
store_柏店,0.00037168629306444086,RandomForest
store_清瀬店,0.00037062471653079754,RandomForest
store_青山店,0.0003653633526141383,RandomForest
store_小山店,0.0003591081230526276,RandomForest
store_市原店,0.00034997817495186303,RandomForest
store_大和店,0.0003479427920806545,RandomForest
store_厚木店,0.00034735390855701674,RandomForest
store_館林店,0.0003412215619528073,RandomForest
store_谷中店,0.0003410897802854732,RandomForest
store_千葉緑店,0.0003320349309663282,RandomForest
store_栃木店,0.0003306863872525026,RandomForest
store_浦安店,0.00032849252606157744,RandomForest
store_茂原店,0.00032625972822906035,RandomForest
store_秦野店,0.00032244978448784934,RandomForest
store_志木店,0.0003207034567667313,RandomForest
store_武蔵野店,0.000320625482455779,RandomForest
store_守谷店,0.0003204984435527817,RandomForest
store_江東店,0.00031887588002246157,RandomForest
store_神田店,0.0003187697517829307,RandomForest
store_太田店,0.00031765490211827744,RandomForest
store_三浦店,0.0003090226143327581,RandomForest
store_高円寺店,0.00030740379932614736,RandomForest
store_水戸店,0.00030660591235792776,RandomForest
store_南足柄店,0.0003047628938463168,RandomForest
store_富里店,0.0003044122956126681,RandomForest
store_西葛西店,0.0003041318172557658,RandomForest
store_五反田店,0.0003026184143939559,RandomForest
store_蒲田店,0.0002987667010724336,RandomForest
store_本庄店,0.0002812683210773485,RandomForest
store_練馬店,0.00027514779894772845,RandomForest
store_行田店,0.000271572484887425,RandomForest
store_江戸川店,0.0002659933011941427,RandomForest
store_栄店,0.0002617165723022066,RandomForest
store_本郷店,0.00025389590022887785,RandomForest
store_宮前店,0.00025388388154165423,RandomForest
store_君津店,0.00025299201260010277,RandomForest
store_三鷹店,0.0002477449490013136,RandomForest
store_我孫子店,0.00024187603776929968,RandomForest
store_四街道店,0.00023387279437790207,RandomForest
store_高津店,0.00022831125061892427,RandomForest
store_富岡店,0.00022179952198275363,RandomForest
store_船橋店,0.00021763473507936833,RandomForest
store_中原店,0.00021386512503553207,RandomForest
store_池袋店,0.0002134626462734602,RandomForest
store_和光店,0.00017521735662501074,RandomForest
store_草加店,0.00017429148596749666,RandomForest
store_八王子店,0.0001662214238093922,RandomForest
store_戸塚店,0.00016175521594836008,RandomForest
store_青葉店,0.0001418416662042985,RandomForest
store_世田谷店,0.0001251415011954991,RandomForest
store_さいたま南店,7.618305523884617e-05,RandomForest
store_綾瀬店,5.698028088475307e-05,RandomForest
order_weekend,0.4837842342917229,GradientBoostingClassifier
order_weekday,0.3567348471815718,GradientBoostingClassifier
order,0.024794163545641318,GradientBoostingClassifier
delta_avg,0.01437922216431041,GradientBoostingClassifier
order_cancel,0.011422001908280067,GradientBoostingClassifier
order_time_21,0.009971647599499828,GradientBoostingClassifier
order_time_14,0.009645234177376762,GradientBoostingClassifier
order_fin,0.009191068469481043,GradientBoostingClassifier
order_takeout,0.009098234576815585,GradientBoostingClassifier
order_time_12,0.008685334319580757,GradientBoostingClassifier
order_delivery,0.008354286427838671,GradientBoostingClassifier
order_time_13,0.00833962665772625,GradientBoostingClassifier
order_time_11,0.007838120563617542,GradientBoostingClassifier
order_time_15,0.007615206477269521,GradientBoostingClassifier
order_time_16,0.005842775403591115,GradientBoostingClassifier
order_time_18,0.004941733959739097,GradientBoostingClassifier
order_time_19,0.00467807925936383,GradientBoostingClassifier
order_time_20,0.0030585571866169406,GradientBoostingClassifier
order_time_17,0.0023497649051408176,GradientBoostingClassifier
store_戸田店,0.0007610345040036572,GradientBoostingClassifier
store_東尾久店,0.0007181200636505043,GradientBoostingClassifier
store_大田店,0.0006163175509531231,GradientBoostingClassifier
store_富津店,0.000518706935544011,GradientBoostingClassifier
store_入間店,0.00045581616112553013,GradientBoostingClassifier
store_上尾店,0.000427961035594694,GradientBoostingClassifier
store_若葉店,0.00042663776928589893,GradientBoostingClassifier
store_渋谷店,0.0004163571729147038,GradientBoostingClassifier
store_川崎多摩店,0.0004139287623250443,GradientBoostingClassifier
store_成田店,0.000403240896998081,GradientBoostingClassifier
store_旭店,0.0003967393821268445,GradientBoostingClassifier
store_練馬店,0.0003551178660581215,GradientBoostingClassifier
store_中店,0.000354666638234413,GradientBoostingClassifier
store_北千住店,0.00034973072602944015,GradientBoostingClassifier
store_座間店,0.00034764060433048336,GradientBoostingClassifier
store_浦安店,0.00034083926417814074,GradientBoostingClassifier
store_取手店,0.00033811723961621085,GradientBoostingClassifier
store_足柄上店,0.0003107398341441257,GradientBoostingClassifier
store_松戸店,0.0002749900085975498,GradientBoostingClassifier
store_西東京店,0.0002668215699422892,GradientBoostingClassifier
store_秦野店,0.0002487197010746863,GradientBoostingClassifier
store_狭山店,0.00020168717864775328,GradientBoostingClassifier
store_藤沢店,0.00011739741339053033,GradientBoostingClassifier
store_福生店,0.00011229874640323994,GradientBoostingClassifier
store_上野店,0.00010223389964672186,GradientBoostingClassifier
store_都筑店,0.0,GradientBoostingClassifier
store_浦和店,0.0,GradientBoostingClassifier
store_高崎店,0.0,GradientBoostingClassifier
store_高島平店,0.0,GradientBoostingClassifier
store_海老名店,0.0,GradientBoostingClassifier
store_清瀬店,0.0,GradientBoostingClassifier
store_高円寺店,0.0,GradientBoostingClassifier
store_港南店,0.0,GradientBoostingClassifier
store_港北店,0.0,GradientBoostingClassifier
store_高座店,0.0,GradientBoostingClassifier
store_瀬谷店,0.0,GradientBoostingClassifier
store_熊谷店,0.0,GradientBoostingClassifier
store_狛江店,0.0,GradientBoostingClassifier
store_王子店,0.0,GradientBoostingClassifier
store_町田店,0.0,GradientBoostingClassifier
store_駒込店,0.0,GradientBoostingClassifier
store_浅草店,0.0,GradientBoostingClassifier
store_流山店,0.0,GradientBoostingClassifier
store_目黒店,0.0,GradientBoostingClassifier
store_泉店,0.0,GradientBoostingClassifier
store_柏店,0.0,GradientBoostingClassifier
store_栃木店,0.0,GradientBoostingClassifier
store_鴻巣店,0.0,GradientBoostingClassifier
store_栄店,0.0,GradientBoostingClassifier
store_桐生店,0.0,GradientBoostingClassifier
store_横浜南店,0.0,GradientBoostingClassifier
store_横浜緑店,0.0,GradientBoostingClassifier
store_横須賀店,0.0,GradientBoostingClassifier
store_武蔵村山店,0.0,GradientBoostingClassifier
store_武蔵野店,0.0,GradientBoostingClassifier
store_水戸店,0.0,GradientBoostingClassifier
store_江戸川店,0.0,GradientBoostingClassifier
store_高田馬場店,0.0,GradientBoostingClassifier
store_江東店,0.0,GradientBoostingClassifier
store_池尻店,0.0,GradientBoostingClassifier
store_高津店,0.0,GradientBoostingClassifier
store_池袋店,0.0,GradientBoostingClassifier
store_白井店,0.0,GradientBoostingClassifier
store_磯子店,0.0,GradientBoostingClassifier
store_相模原店,0.0,GradientBoostingClassifier
store_石神井店,0.0,GradientBoostingClassifier
store_葛飾店,0.0,GradientBoostingClassifier
store_蒲田店,0.0,GradientBoostingClassifier
store_行田店,0.0,GradientBoostingClassifier
store_青山店,0.0,GradientBoostingClassifier
store_西多摩店,0.0,GradientBoostingClassifier
store_西葛西店,0.0,GradientBoostingClassifier
store_調布店,0.0,GradientBoostingClassifier
store_谷中店,0.0,GradientBoostingClassifier
store_鎌倉店,0.0,GradientBoostingClassifier
store_赤坂店,0.0,GradientBoostingClassifier
store_赤羽店,0.0,GradientBoostingClassifier
store_越谷店,0.0,GradientBoostingClassifier
store_足利店,0.0,GradientBoostingClassifier
store_銀座店,0.0,GradientBoostingClassifier
store_金沢店,0.0,GradientBoostingClassifier
store_足立店,0.0,GradientBoostingClassifier
store_逗子店,0.0,GradientBoostingClassifier
store_荻窪店,0.0,GradientBoostingClassifier
store_荒川店,0.0,GradientBoostingClassifier
store_板橋店,0.0,GradientBoostingClassifier
store_綾瀬店,0.0,GradientBoostingClassifier
store_那珂店,0.0,GradientBoostingClassifier
store_神奈川店,0.0,GradientBoostingClassifier
store_駒沢店,0.0,GradientBoostingClassifier
store_神田店,0.0,GradientBoostingClassifier
store_稲城店,0.0,GradientBoostingClassifier
store_立川店,0.0,GradientBoostingClassifier
store_館林店,0.0,GradientBoostingClassifier
store_青葉店,0.0,GradientBoostingClassifier
store_茅ヶ崎店,0.0,GradientBoostingClassifier
store_羽村店,0.0,GradientBoostingClassifier
store_羽生店,0.0,GradientBoostingClassifier
store_習志野店,0.0,GradientBoostingClassifier
store_自由が丘店,0.0,GradientBoostingClassifier
store_船橋店,0.0,GradientBoostingClassifier
store_青梅店,0.0,GradientBoostingClassifier
store_茂原店,0.0,GradientBoostingClassifier
store_草加店,0.0,GradientBoostingClassifier
store_日本橋店,0.0,GradientBoostingClassifier
store_東松山店,0.0,GradientBoostingClassifier
store_大和店,0.0,GradientBoostingClassifier
store_八王子店,0.0,GradientBoostingClassifier
store_六本木店,0.0,GradientBoostingClassifier
store_前橋店,0.0,GradientBoostingClassifier
store_千葉中央店,0.0,GradientBoostingClassifier
store_千葉緑店,0.0,GradientBoostingClassifier
store_南砂店,0.0,GradientBoostingClassifier
store_南足柄店,0.0,GradientBoostingClassifier
store_厚木店,0.0,GradientBoostingClassifier
store_向島店,0.0,GradientBoostingClassifier
store_君津店,0.0,GradientBoostingClassifier
store_和光店,0.0,GradientBoostingClassifier
store_品川店,0.0,GradientBoostingClassifier
store_四街道店,0.0,GradientBoostingClassifier
store_国分寺店,0.0,GradientBoostingClassifier
store_国立店,0.0,GradientBoostingClassifier
store_坂戸店,0.0,GradientBoostingClassifier
store_墨田店,0.0,GradientBoostingClassifier
store_多摩店,0.0,GradientBoostingClassifier
store_大久保店,0.0,GradientBoostingClassifier
store_八潮店,0.0,GradientBoostingClassifier
store_八千代店,0.0,GradientBoostingClassifier
store_保土ケ谷店,0.0,GradientBoostingClassifier
store_中原店,0.0,GradientBoostingClassifier
store_あきる野店,0.0,GradientBoostingClassifier
store_さいたま南店,0.0,GradientBoostingClassifier
store_さいたま緑店,0.0,GradientBoostingClassifier
store_さいたま西店,0.0,GradientBoostingClassifier
store_つくば店,0.0,GradientBoostingClassifier
store_三浦店,0.0,GradientBoostingClassifier
store_三鷹店,0.0,GradientBoostingClassifier
store_世田谷店,0.0,GradientBoostingClassifier
store_中野店,0.0,GradientBoostingClassifier
store_佐野店,0.0,GradientBoostingClassifier
store_久喜店,0.0,GradientBoostingClassifier
store_九段店,0.0,GradientBoostingClassifier
store_亀有店,0.0,GradientBoostingClassifier
store_五反田店,0.0,GradientBoostingClassifier
store_代々木店,0.0,GradientBoostingClassifier
store_伊勢原店,0.0,GradientBoostingClassifier
store_伊勢崎店,0.0,GradientBoostingClassifier
store_佐倉店,0.0,GradientBoostingClassifier
store_大井店,0.0,GradientBoostingClassifier
store_大塚店,0.0,GradientBoostingClassifier
store_東村山店,0.0,GradientBoostingClassifier
store_大宮店,0.0,GradientBoostingClassifier
store_恵比寿店,0.0,GradientBoostingClassifier
store_愛甲店,0.0,GradientBoostingClassifier
store_成城店,0.0,GradientBoostingClassifier
store_我孫子店,0.0,GradientBoostingClassifier
store_戸塚店,0.0,GradientBoostingClassifier
store_所沢店,0.0,GradientBoostingClassifier
store_新宿店,0.0,GradientBoostingClassifier
store_新座店,0.0,GradientBoostingClassifier
store_日立店,0.0,GradientBoostingClassifier
store_日野店,0.0,GradientBoostingClassifier
store_春日部店,0.0,GradientBoostingClassifier
store_昭島店,0.0,GradientBoostingClassifier
store_木更津店,0.0,GradientBoostingClassifier
store_本庄店,0.0,GradientBoostingClassifier
store_本郷店,0.0,GradientBoostingClassifier
store_杉並店,0.0,GradientBoostingClassifier
store_東中野店,0.0,GradientBoostingClassifier
store_東久留米店,0.0,GradientBoostingClassifier
store_東大和店,0.0,GradientBoostingClassifier
store_志木店,0.0,GradientBoostingClassifier
store_府中店,0.0,GradientBoostingClassifier
store_幸店,0.0,GradientBoostingClassifier
store_小山店,0.0,GradientBoostingClassifier
store_大森店,0.0,GradientBoostingClassifier
store_大泉店,0.0,GradientBoostingClassifier
store_太田店,0.0,GradientBoostingClassifier
store_宇都宮店,0.0,GradientBoostingClassifier
store_守谷店,0.0,GradientBoostingClassifier
store_宮前店,0.0,GradientBoostingClassifier
store_富岡店,0.0,GradientBoostingClassifier
store_富里店,0.0,GradientBoostingClassifier
store_小平店,0.0,GradientBoostingClassifier
store_平塚店,0.0,GradientBoostingClassifier
store_小田原店,0.0,GradientBoostingClassifier
store_小金井店,0.0,GradientBoostingClassifier
store_川口店,0.0,GradientBoostingClassifier
store_川崎店,0.0,GradientBoostingClassifier
store_川越店,0.0,GradientBoostingClassifier
store_巣鴨店,0.0,GradientBoostingClassifier
store_市原店,0.0,GradientBoostingClassifier
store_市川店,0.0,GradientBoostingClassifier
store_鶴見店,0.0,GradientBoostingClassifier
