,cols,importance,model_name,model_target
0,order_weekday,0.3232591553229276,tree,y_weekday
1,order_weekend,0.3059642100977268,tree,y_weekday
2,order_takeout,0.0322539228521028,tree,y_weekday
3,order_delivery,0.0309650128186162,tree,y_weekday
4,order,0.0302514137667702,tree,y_weekday
5,order_time_11,0.0240908969537087,tree,y_weekday
6,order_fin,0.0236849452868238,tree,y_weekday
7,order_time_16,0.0231156919849066,tree,y_weekday
8,order_time_17,0.0208836844712529,tree,y_weekday
9,delta_avg,0.020754787812803,tree,y_weekday
10,order_time_15,0.0203388198803581,tree,y_weekday
11,order_time_19,0.0203225312194926,tree,y_weekday
12,order_time_18,0.016711018498275,tree,y_weekday
13,order_time_12,0.0164600845874239,tree,y_weekday
14,order_time_21,0.0151704158736643,tree,y_weekday
15,order_time_14,0.0151065190882719,tree,y_weekday
16,order_time_13,0.0125866261932887,tree,y_weekday
17,order_cancel,0.0116168970419839,tree,y_weekday
18,order_time_20,0.0076179018263745,tree,y_weekday
19,store_茅ヶ崎店,0.0023106123122627,tree,y_weekday
20,store_熊谷店,0.001983514353108,tree,y_weekday
21,store_取手店,0.0018056213467997,tree,y_weekday
22,store_千葉緑店,0.0017308788509627,tree,y_weekday
23,store_千葉中央店,0.0016975927192134,tree,y_weekday
24,store_高島平店,0.0016975927192134,tree,y_weekday
25,store_小山店,0.0016718716174071,tree,y_weekday
26,store_新宿店,0.0016551529012331,tree,y_weekday
27,store_東尾久店,0.0016551529012331,tree,y_weekday
28,store_高座店,0.001644449384529,tree,y_weekday
29,store_羽村店,0.0016347189147981,tree,y_weekday
30,store_八王子店,0.001541004425286,tree,y_weekday
31,store_練馬店,0.0015325489826232,tree,y_weekday
32,store_池袋店,0.0015018980029707,tree,y_weekday
33,store_佐倉店,0.0012260391860986,tree,y_weekday
34,store_新座店,0.0012260391860986,tree,y_weekday
35,store_江戸川店,0.0008514161014573,tree,y_weekday
36,store_座間店,0.0008429019404427,tree,y_weekday
37,store_幸店,0.0003956294516486,tree,y_weekday
38,store_伊勢崎店,0.0002408291258407,tree,y_weekday
39,store_王子店,0.0,tree,y_weekday
40,store_町田店,0.0,tree,y_weekday
41,store_白井店,0.0,tree,y_weekday
42,store_狭山店,0.0,tree,y_weekday
43,store_狛江店,0.0,tree,y_weekday
44,store_目黒店,0.0,tree,y_weekday
45,store_瀬谷店,0.0,tree,y_weekday
46,store_相模原店,0.0,tree,y_weekday
47,store_港南店,0.0,tree,y_weekday
48,store_港北店,0.0,tree,y_weekday
49,store_磯子店,0.0,tree,y_weekday
50,store_神奈川店,0.0,tree,y_weekday
51,store_石神井店,0.0,tree,y_weekday
52,store_池尻店,0.0,tree,y_weekday
53,store_渋谷店,0.0,tree,y_weekday
54,store_武蔵野店,0.0,tree,y_weekday
55,store_柏店,0.0,tree,y_weekday
56,store_栃木店,0.0,tree,y_weekday
57,store_栄店,0.0,tree,y_weekday
58,store_桐生店,0.0,tree,y_weekday
59,store_横浜南店,0.0,tree,y_weekday
60,store_横浜緑店,0.0,tree,y_weekday
61,store_横須賀店,0.0,tree,y_weekday
62,store_武蔵村山店,0.0,tree,y_weekday
63,store_水戸店,0.0,tree,y_weekday
64,store_清瀬店,0.0,tree,y_weekday
65,store_江東店,0.0,tree,y_weekday
66,store_福生店,0.0,tree,y_weekday
67,store_泉店,0.0,tree,y_weekday
68,store_流山店,0.0,tree,y_weekday
69,store_浅草店,0.0,tree,y_weekday
70,store_浦和店,0.0,tree,y_weekday
71,store_浦安店,0.0,tree,y_weekday
72,store_海老名店,0.0,tree,y_weekday
73,store_神田店,0.0,tree,y_weekday
74,store_荒川店,0.0,tree,y_weekday
75,store_秦野店,0.0,tree,y_weekday
76,store_青山店,0.0,tree,y_weekday
77,store_足利店,0.0,tree,y_weekday
78,store_足柄上店,0.0,tree,y_weekday
79,store_足立店,0.0,tree,y_weekday
80,store_逗子店,0.0,tree,y_weekday
81,store_那珂店,0.0,tree,y_weekday
82,store_都筑店,0.0,tree,y_weekday
83,store_金沢店,0.0,tree,y_weekday
84,store_銀座店,0.0,tree,y_weekday
85,store_鎌倉店,0.0,tree,y_weekday
86,store_青梅店,0.0,tree,y_weekday
87,store_稲城店,0.0,tree,y_weekday
88,store_青葉店,0.0,tree,y_weekday
89,store_館林店,0.0,tree,y_weekday
90,store_駒沢店,0.0,tree,y_weekday
91,store_駒込店,0.0,tree,y_weekday
92,store_高円寺店,0.0,tree,y_weekday
93,store_高崎店,0.0,tree,y_weekday
94,store_高津店,0.0,tree,y_weekday
95,store_高田馬場店,0.0,tree,y_weekday
96,store_鴻巣店,0.0,tree,y_weekday
97,store_越谷店,0.0,tree,y_weekday
98,store_赤羽店,0.0,tree,y_weekday
99,store_赤坂店,0.0,tree,y_weekday
100,store_谷中店,0.0,tree,y_weekday
101,store_立川店,0.0,tree,y_weekday
102,store_綾瀬店,0.0,tree,y_weekday
103,store_羽生店,0.0,tree,y_weekday
104,store_習志野店,0.0,tree,y_weekday
105,store_自由が丘店,0.0,tree,y_weekday
106,store_船橋店,0.0,tree,y_weekday
107,store_若葉店,0.0,tree,y_weekday
108,store_茂原店,0.0,tree,y_weekday
109,store_草加店,0.0,tree,y_weekday
110,store_松戸店,0.0,tree,y_weekday
111,store_荻窪店,0.0,tree,y_weekday
112,store_葛飾店,0.0,tree,y_weekday
113,store_蒲田店,0.0,tree,y_weekday
114,store_藤沢店,0.0,tree,y_weekday
115,store_行田店,0.0,tree,y_weekday
116,store_西多摩店,0.0,tree,y_weekday
117,store_西東京店,0.0,tree,y_weekday
118,store_西葛西店,0.0,tree,y_weekday
119,store_調布店,0.0,tree,y_weekday
120,store_板橋店,0.0,tree,y_weekday
121,store_日本橋店,0.0,tree,y_weekday
122,store_東松山店,0.0,tree,y_weekday
123,store_入間店,0.0,tree,y_weekday
124,store_八潮店,0.0,tree,y_weekday
125,store_六本木店,0.0,tree,y_weekday
126,store_前橋店,0.0,tree,y_weekday
127,store_北千住店,0.0,tree,y_weekday
128,store_南砂店,0.0,tree,y_weekday
129,store_南足柄店,0.0,tree,y_weekday
130,store_厚木店,0.0,tree,y_weekday
131,store_向島店,0.0,tree,y_weekday
132,store_君津店,0.0,tree,y_weekday
133,store_和光店,0.0,tree,y_weekday
134,store_品川店,0.0,tree,y_weekday
135,store_四街道店,0.0,tree,y_weekday
136,store_国分寺店,0.0,tree,y_weekday
137,store_国立店,0.0,tree,y_weekday
138,store_坂戸店,0.0,tree,y_weekday
139,store_墨田店,0.0,tree,y_weekday
140,store_多摩店,0.0,tree,y_weekday
141,store_大久保店,0.0,tree,y_weekday
142,store_大井店,0.0,tree,y_weekday
143,store_八千代店,0.0,tree,y_weekday
144,store_保土ケ谷店,0.0,tree,y_weekday
145,store_大塚店,0.0,tree,y_weekday
146,store_佐野店,0.0,tree,y_weekday
147,store_あきる野店,0.0,tree,y_weekday
148,store_さいたま南店,0.0,tree,y_weekday
149,store_さいたま緑店,0.0,tree,y_weekday
150,store_さいたま西店,0.0,tree,y_weekday
151,store_つくば店,0.0,tree,y_weekday
152,store_三浦店,0.0,tree,y_weekday
153,store_三鷹店,0.0,tree,y_weekday
154,store_上尾店,0.0,tree,y_weekday
155,store_上野店,0.0,tree,y_weekday
156,store_世田谷店,0.0,tree,y_weekday
157,store_中原店,0.0,tree,y_weekday
158,store_中店,0.0,tree,y_weekday
159,store_中野店,0.0,tree,y_weekday
160,store_久喜店,0.0,tree,y_weekday
161,store_九段店,0.0,tree,y_weekday
162,store_亀有店,0.0,tree,y_weekday
163,store_五反田店,0.0,tree,y_weekday
164,store_代々木店,0.0,tree,y_weekday
165,store_伊勢原店,0.0,tree,y_weekday
166,store_大和店,0.0,tree,y_weekday
167,store_大宮店,0.0,tree,y_weekday
168,store_東村山店,0.0,tree,y_weekday
169,store_志木店,0.0,tree,y_weekday
170,store_愛甲店,0.0,tree,y_weekday
171,store_成城店,0.0,tree,y_weekday
172,store_成田店,0.0,tree,y_weekday
173,store_我孫子店,0.0,tree,y_weekday
174,store_戸塚店,0.0,tree,y_weekday
175,store_戸田店,0.0,tree,y_weekday
176,store_所沢店,0.0,tree,y_weekday
177,store_日立店,0.0,tree,y_weekday
178,store_日野店,0.0,tree,y_weekday
179,store_旭店,0.0,tree,y_weekday
180,store_春日部店,0.0,tree,y_weekday
181,store_昭島店,0.0,tree,y_weekday
182,store_木更津店,0.0,tree,y_weekday
183,store_本庄店,0.0,tree,y_weekday
184,store_本郷店,0.0,tree,y_weekday
185,store_杉並店,0.0,tree,y_weekday
186,store_東中野店,0.0,tree,y_weekday
187,store_東久留米店,0.0,tree,y_weekday
188,store_東大和店,0.0,tree,y_weekday
189,store_恵比寿店,0.0,tree,y_weekday
190,store_府中店,0.0,tree,y_weekday
191,store_大森店,0.0,tree,y_weekday
192,store_平塚店,0.0,tree,y_weekday
193,store_大泉店,0.0,tree,y_weekday
194,store_大田店,0.0,tree,y_weekday
195,store_太田店,0.0,tree,y_weekday
196,store_宇都宮店,0.0,tree,y_weekday
197,store_守谷店,0.0,tree,y_weekday
198,store_宮前店,0.0,tree,y_weekday
199,store_富岡店,0.0,tree,y_weekday
200,store_富津店,0.0,tree,y_weekday
201,store_富里店,0.0,tree,y_weekday
202,store_小平店,0.0,tree,y_weekday
203,store_小田原店,0.0,tree,y_weekday
204,store_小金井店,0.0,tree,y_weekday
205,store_川口店,0.0,tree,y_weekday
206,store_川崎多摩店,0.0,tree,y_weekday
207,store_川崎店,0.0,tree,y_weekday
208,store_川越店,0.0,tree,y_weekday
209,store_巣鴨店,0.0,tree,y_weekday
210,store_市原店,0.0,tree,y_weekday
211,store_市川店,0.0,tree,y_weekday
212,store_鶴見店,0.0,tree,y_weekday
213,order_weekend,0.1722194785660346,RandomForest,y_weekday
214,order_weekday,0.0932147267573255,RandomForest,y_weekday
215,order,0.0513269876192114,RandomForest,y_weekday
216,order_delivery,0.0485272180970722,RandomForest,y_weekday
217,order_fin,0.0454042677154939,RandomForest,y_weekday
218,order_takeout,0.041688029539062,RandomForest,y_weekday
219,order_cancel,0.0394552753069742,RandomForest,y_weekday
220,delta_avg,0.038280975943856,RandomForest,y_weekday
221,order_time_19,0.0364102269490581,RandomForest,y_weekday
222,order_time_12,0.0356585893800937,RandomForest,y_weekday
223,order_time_16,0.0352464147056165,RandomForest,y_weekday
224,order_time_11,0.0347886304540738,RandomForest,y_weekday
225,order_time_20,0.0347219214172094,RandomForest,y_weekday
226,order_time_15,0.0346361394040372,RandomForest,y_weekday
227,order_time_18,0.0342507933894519,RandomForest,y_weekday
228,order_time_17,0.0341837906419925,RandomForest,y_weekday
229,order_time_21,0.0333251997742829,RandomForest,y_weekday
230,order_time_13,0.0329846523561611,RandomForest,y_weekday
231,order_time_14,0.0317555404140394,RandomForest,y_weekday
232,store_成城店,0.0008692749202238,RandomForest,y_weekday
233,store_磯子店,0.0008222811673686,RandomForest,y_weekday
234,store_木更津店,0.000812371957764,RandomForest,y_weekday
235,store_目黒店,0.0008074500513663,RandomForest,y_weekday
236,store_金沢店,0.0007944527031576,RandomForest,y_weekday
237,store_日立店,0.0007497301272152,RandomForest,y_weekday
238,store_自由が丘店,0.0007441486198365,RandomForest,y_weekday
239,store_逗子店,0.0007371930034871,RandomForest,y_weekday
240,store_日野店,0.0007210776885618,RandomForest,y_weekday
241,store_和光店,0.0007100110667935,RandomForest,y_weekday
242,store_厚木店,0.0006972981742667,RandomForest,y_weekday
243,store_足柄上店,0.0006874032284013,RandomForest,y_weekday
244,store_水戸店,0.0006715354829294,RandomForest,y_weekday
245,store_取手店,0.0006709502820607,RandomForest,y_weekday
246,store_川口店,0.000670007830616,RandomForest,y_weekday
247,store_恵比寿店,0.0006578980643533,RandomForest,y_weekday
248,store_旭店,0.0006571943740851,RandomForest,y_weekday
249,store_大久保店,0.0006486913336577,RandomForest,y_weekday
250,store_港南店,0.0006395634825918,RandomForest,y_weekday
251,store_瀬谷店,0.0006377023819352,RandomForest,y_weekday
252,store_狭山店,0.0006356741737886,RandomForest,y_weekday
253,store_向島店,0.0006339474768211,RandomForest,y_weekday
254,store_浦和店,0.0006221236355932,RandomForest,y_weekday
255,store_佐倉店,0.0006217487735002,RandomForest,y_weekday
256,store_渋谷店,0.0006214264163158,RandomForest,y_weekday
257,store_足立店,0.0006192683782884,RandomForest,y_weekday
258,store_板橋店,0.0006160486343416,RandomForest,y_weekday
259,store_東尾久店,0.0006126706104955,RandomForest,y_weekday
260,store_代々木店,0.0006068467866002,RandomForest,y_weekday
261,store_前橋店,0.0006032894817665,RandomForest,y_weekday
262,store_高円寺店,0.000598754891757,RandomForest,y_weekday
263,store_清瀬店,0.0005901314136256,RandomForest,y_weekday
264,store_八千代店,0.0005874600984819,RandomForest,y_weekday
265,store_熊谷店,0.0005874522222584,RandomForest,y_weekday
266,store_越谷店,0.0005864437038346,RandomForest,y_weekday
267,store_千葉中央店,0.0005844589706609,RandomForest,y_weekday
268,store_春日部店,0.0005829889970994,RandomForest,y_weekday
269,store_杉並店,0.0005820030359093,RandomForest,y_weekday
270,store_浦安店,0.0005788746595379,RandomForest,y_weekday
271,store_小金井店,0.0005785252915662,RandomForest,y_weekday
272,store_港北店,0.0005759548073638,RandomForest,y_weekday
273,store_千葉緑店,0.0005729117571652,RandomForest,y_weekday
274,store_宇都宮店,0.0005718918682349,RandomForest,y_weekday
275,store_駒込店,0.0005701773775817,RandomForest,y_weekday
276,store_川崎多摩店,0.0005685728434808,RandomForest,y_weekday
277,store_王子店,0.0005652926420668,RandomForest,y_weekday
278,store_武蔵村山店,0.0005645716204725,RandomForest,y_weekday
279,store_久喜店,0.0005630581194123,RandomForest,y_weekday
280,store_新宿店,0.0005600681429086,RandomForest,y_weekday
281,store_府中店,0.000556499993914,RandomForest,y_weekday
282,store_羽生店,0.0005563150730447,RandomForest,y_weekday
283,store_坂戸店,0.0005544291558325,RandomForest,y_weekday
284,store_浅草店,0.0005498402568693,RandomForest,y_weekday
285,store_大森店,0.0005471916677799,RandomForest,y_weekday
286,store_川越店,0.0005456430290686,RandomForest,y_weekday
287,store_日本橋店,0.0005453808028157,RandomForest,y_weekday
288,store_青梅店,0.0005451762498975,RandomForest,y_weekday
289,store_白井店,0.000541489518896,RandomForest,y_weekday
290,store_茅ヶ崎店,0.0005412240921062,RandomForest,y_weekday
291,store_国分寺店,0.0005411824158524,RandomForest,y_weekday
292,store_さいたま南店,0.0005390216747961,RandomForest,y_weekday
293,store_富里店,0.0005385583348808,RandomForest,y_weekday
294,store_行田店,0.0005362937713123,RandomForest,y_weekday
295,store_大田店,0.0005263312779013,RandomForest,y_weekday
296,store_荻窪店,0.000521118125306,RandomForest,y_weekday
297,store_三鷹店,0.000519855928632,RandomForest,y_weekday
298,store_富津店,0.000518780228948,RandomForest,y_weekday
299,store_船橋店,0.0005183812137098,RandomForest,y_weekday
300,store_館林店,0.0005150399959279,RandomForest,y_weekday
301,store_武蔵野店,0.0005124336785468,RandomForest,y_weekday
302,store_茂原店,0.0005121901445509,RandomForest,y_weekday
303,store_大宮店,0.0005099367835657,RandomForest,y_weekday
304,store_谷中店,0.0005097881315552,RandomForest,y_weekday
305,store_東中野店,0.0005097443004965,RandomForest,y_weekday
306,store_昭島店,0.0005092174022178,RandomForest,y_weekday
307,store_南砂店,0.0005041627651671,RandomForest,y_weekday
308,store_六本木店,0.0005036012148638,RandomForest,y_weekday
309,store_保土ケ谷店,0.0005022250580275,RandomForest,y_weekday
310,store_横須賀店,0.0004982493876622,RandomForest,y_weekday
311,store_多摩店,0.0004948131370919,RandomForest,y_weekday
312,store_東松山店,0.0004942237840539,RandomForest,y_weekday
313,store_赤坂店,0.0004933334117214,RandomForest,y_weekday
314,store_江戸川店,0.0004930031106952,RandomForest,y_weekday
315,store_高津店,0.0004911876221811,RandomForest,y_weekday
316,store_君津店,0.0004907747873821,RandomForest,y_weekday
317,store_神田店,0.0004888480432863,RandomForest,y_weekday
318,store_富岡店,0.0004865281795736,RandomForest,y_weekday
319,store_座間店,0.0004859380209838,RandomForest,y_weekday
320,store_青山店,0.0004855439339554,RandomForest,y_weekday
321,store_大和店,0.0004855101534326,RandomForest,y_weekday
322,store_松戸店,0.0004787804559344,RandomForest,y_weekday
323,store_西東京店,0.000478478770774,RandomForest,y_weekday
324,store_所沢店,0.0004771899169191,RandomForest,y_weekday
325,store_海老名店,0.0004769648167911,RandomForest,y_weekday
326,store_亀有店,0.0004750766500705,RandomForest,y_weekday
327,store_西葛西店,0.0004745157754745,RandomForest,y_weekday
328,store_鴻巣店,0.0004736489635971,RandomForest,y_weekday
329,store_福生店,0.0004734883958074,RandomForest,y_weekday
330,store_江東店,0.0004708600382342,RandomForest,y_weekday
331,store_幸店,0.000470089087495,RandomForest,y_weekday
332,store_立川店,0.0004692837665044,RandomForest,y_weekday
333,store_高崎店,0.0004681305166881,RandomForest,y_weekday
334,store_習志野店,0.000468057193669,RandomForest,y_weekday
335,store_成田店,0.0004657124888621,RandomForest,y_weekday
336,store_蒲田店,0.0004656301521894,RandomForest,y_weekday
337,store_戸田店,0.0004616428333604,RandomForest,y_weekday
338,store_神奈川店,0.0004595893790577,RandomForest,y_weekday
339,store_さいたま緑店,0.0004585591409471,RandomForest,y_weekday
340,store_上尾店,0.000457893461301,RandomForest,y_weekday
341,store_さいたま西店,0.000457385492596,RandomForest,y_weekday
342,store_八潮店,0.0004556413536202,RandomForest,y_weekday
343,store_新座店,0.0004529599549544,RandomForest,y_weekday
344,store_大井店,0.0004520814105107,RandomForest,y_weekday
345,store_赤羽店,0.0004514675617106,RandomForest,y_weekday
346,store_鎌倉店,0.0004406477781107,RandomForest,y_weekday
347,store_葛飾店,0.0004381188476311,RandomForest,y_weekday
348,store_東久留米店,0.0004380305909514,RandomForest,y_weekday
349,store_五反田店,0.0004349399914554,RandomForest,y_weekday
350,store_駒沢店,0.0004337544154371,RandomForest,y_weekday
351,store_伊勢崎店,0.0004331677287743,RandomForest,y_weekday
352,store_調布店,0.0004317285442771,RandomForest,y_weekday
353,store_墨田店,0.0004310433033656,RandomForest,y_weekday
354,store_相模原店,0.0004305336125617,RandomForest,y_weekday
355,store_東村山店,0.0004304544244386,RandomForest,y_weekday
356,store_小平店,0.0004262986222333,RandomForest,y_weekday
357,store_市原店,0.0004220031161475,RandomForest,y_weekday
358,store_練馬店,0.0004202907348178,RandomForest,y_weekday
359,store_秦野店,0.0004145823279152,RandomForest,y_weekday
360,store_川崎店,0.0004141071306126,RandomForest,y_weekday
361,store_荒川店,0.0004099491587719,RandomForest,y_weekday
362,store_狛江店,0.0004084726558042,RandomForest,y_weekday
363,store_大泉店,0.0004071112496419,RandomForest,y_weekday
364,store_南足柄店,0.0004036910538085,RandomForest,y_weekday
365,store_大塚店,0.0004029341074423,RandomForest,y_weekday
366,store_つくば店,0.0004010116221596,RandomForest,y_weekday
367,store_那珂店,0.000400445832259,RandomForest,y_weekday
368,store_中店,0.0004002035656815,RandomForest,y_weekday
369,store_北千住店,0.0003998169305732,RandomForest,y_weekday
370,store_足利店,0.0003987699576291,RandomForest,y_weekday
371,store_西多摩店,0.000395529033143,RandomForest,y_weekday
372,store_栄店,0.0003929781694298,RandomForest,y_weekday
373,store_平塚店,0.0003901495949944,RandomForest,y_weekday
374,store_佐野店,0.0003892306433712,RandomForest,y_weekday
375,store_東大和店,0.0003882327084151,RandomForest,y_weekday
376,store_草加店,0.0003877633138473,RandomForest,y_weekday
377,store_戸塚店,0.0003871547375246,RandomForest,y_weekday
378,store_八王子店,0.0003868940925847,RandomForest,y_weekday
379,store_中野店,0.0003868661379822,RandomForest,y_weekday
380,store_鶴見店,0.0003857631541736,RandomForest,y_weekday
381,store_太田店,0.0003844181142151,RandomForest,y_weekday
382,store_九段店,0.0003736817719203,RandomForest,y_weekday
383,store_あきる野店,0.0003697907623711,RandomForest,y_weekday
384,store_横浜緑店,0.0003672872666064,RandomForest,y_weekday
385,store_稲城店,0.0003650489228622,RandomForest,y_weekday
386,store_守谷店,0.0003647151807945,RandomForest,y_weekday
387,store_我孫子店,0.0003624560497774,RandomForest,y_weekday
388,store_三浦店,0.0003617070365791,RandomForest,y_weekday
389,store_入間店,0.0003608238832713,RandomForest,y_weekday
390,store_池袋店,0.0003564175584743,RandomForest,y_weekday
391,store_品川店,0.0003538857578018,RandomForest,y_weekday
392,store_愛甲店,0.0003515395700952,RandomForest,y_weekday
393,store_柏店,0.00034784613259,RandomForest,y_weekday
394,store_藤沢店,0.0003476544910307,RandomForest,y_weekday
395,store_青葉店,0.0003467001464661,RandomForest,y_weekday
396,store_世田谷店,0.0003441801498271,RandomForest,y_weekday
397,store_小山店,0.0003417227099165,RandomForest,y_weekday
398,store_高田馬場店,0.0003351437492016,RandomForest,y_weekday
399,store_栃木店,0.0003311824007682,RandomForest,y_weekday
400,store_本郷店,0.000330110544434,RandomForest,y_weekday
401,store_銀座店,0.0003287809663345,RandomForest,y_weekday
402,store_都筑店,0.0003124630647331,RandomForest,y_weekday
403,store_流山店,0.0003083071668063,RandomForest,y_weekday
404,store_本庄店,0.000308010830049,RandomForest,y_weekday
405,store_泉店,0.0003059539563225,RandomForest,y_weekday
406,store_市川店,0.0003037249677795,RandomForest,y_weekday
407,store_国立店,0.0003018485825527,RandomForest,y_weekday
408,store_小田原店,0.0002979143838279,RandomForest,y_weekday
409,store_横浜南店,0.0002968974351198,RandomForest,y_weekday
410,store_志木店,0.0002946300873346,RandomForest,y_weekday
411,store_高島平店,0.0002909146260006,RandomForest,y_weekday
412,store_若葉店,0.0002874687710978,RandomForest,y_weekday
413,store_高座店,0.0002851715812537,RandomForest,y_weekday
414,store_石神井店,0.000277373143018,RandomForest,y_weekday
415,store_伊勢原店,0.0002739657815272,RandomForest,y_weekday
416,store_池尻店,0.000268208858712,RandomForest,y_weekday
417,store_四街道店,0.0002548576067997,RandomForest,y_weekday
418,store_桐生店,0.0002487010789223,RandomForest,y_weekday
419,store_羽村店,0.0002442995394692,RandomForest,y_weekday
420,store_巣鴨店,0.0002402296929111,RandomForest,y_weekday
421,store_町田店,0.0001939527487164,RandomForest,y_weekday
422,store_宮前店,0.0001691170831286,RandomForest,y_weekday
423,store_上野店,0.0001455538493057,RandomForest,y_weekday
424,store_中原店,0.0001437571535497,RandomForest,y_weekday
425,store_綾瀬店,9.905131953108005e-05,RandomForest,y_weekday
426,order_weekday,0.4566532367552439,GradientBoosting,y_weekday
427,order_weekend,0.4236516992286768,GradientBoosting,y_weekday
428,order,0.0236539161995881,GradientBoosting,y_weekday
429,delta_avg,0.0111596675988224,GradientBoosting,y_weekday
430,order_cancel,0.0096289688660871,GradientBoosting,y_weekday
431,order_takeout,0.008644852910175,GradientBoosting,y_weekday
432,order_time_21,0.0068487033707177,GradientBoosting,y_weekday
433,order_delivery,0.0066036603239378,GradientBoosting,y_weekday
434,order_time_12,0.0065192801523959,GradientBoosting,y_weekday
435,order_time_20,0.0063410158572658,GradientBoosting,y_weekday
436,order_time_19,0.0052736870753081,GradientBoosting,y_weekday
437,order_time_17,0.0048116820964348,GradientBoosting,y_weekday
438,order_fin,0.0043449396249413,GradientBoosting,y_weekday
439,order_time_16,0.0043217780980431,GradientBoosting,y_weekday
440,order_time_14,0.0037347994181978,GradientBoosting,y_weekday
441,order_time_11,0.0036051289883624,GradientBoosting,y_weekday
442,order_time_13,0.0026283482118375,GradientBoosting,y_weekday
443,order_time_18,0.00257749802202,GradientBoosting,y_weekday
444,order_time_15,0.0010427337798381,GradientBoosting,y_weekday
445,store_流山店,0.000953456928637,GradientBoosting,y_weekday
446,store_西多摩店,0.0008906152845362,GradientBoosting,y_weekday
447,store_大泉店,0.0008279782864061,GradientBoosting,y_weekday
448,store_上尾店,0.0006968278188401,GradientBoosting,y_weekday
449,store_館林店,0.0004287315354857,GradientBoosting,y_weekday
450,store_駒込店,0.0004121167731298,GradientBoosting,y_weekday
451,store_瀬谷店,0.0004038199719072,GradientBoosting,y_weekday
452,store_白井店,0.000396235266744,GradientBoosting,y_weekday
453,store_戸塚店,0.0003386000225903,GradientBoosting,y_weekday
454,store_日立店,0.0003290256090743,GradientBoosting,y_weekday
455,store_恵比寿店,0.0003265910461712,GradientBoosting,y_weekday
456,store_稲城店,0.0003199518815897,GradientBoosting,y_weekday
457,store_多摩店,0.0002578054485101,GradientBoosting,y_weekday
458,store_さいたま緑店,0.0002433668393463,GradientBoosting,y_weekday
459,store_熊谷店,0.0001775899190655,GradientBoosting,y_weekday
460,store_前橋店,0.0001639616753647,GradientBoosting,y_weekday
461,store_逗子店,0.0001497575055123,GradientBoosting,y_weekday
462,store_東尾久店,0.0001476249505924,GradientBoosting,y_weekday
463,store_羽生店,0.000139531034271,GradientBoosting,y_weekday
464,store_東大和店,0.0001200356328622,GradientBoosting,y_weekday
465,store_久喜店,0.0001155183100161,GradientBoosting,y_weekday
466,store_佐倉店,0.0001152616814525,GradientBoosting,y_weekday
467,store_石神井店,0.0,GradientBoosting,y_weekday
468,store_港南店,0.0,GradientBoosting,y_weekday
469,store_神田店,0.0,GradientBoosting,y_weekday
470,store_神奈川店,0.0,GradientBoosting,y_weekday
471,store_狛江店,0.0,GradientBoosting,y_weekday
472,store_王子店,0.0,GradientBoosting,y_weekday
473,store_狭山店,0.0,GradientBoosting,y_weekday
474,store_町田店,0.0,GradientBoosting,y_weekday
475,store_磯子店,0.0,GradientBoosting,y_weekday
476,store_渋谷店,0.0,GradientBoosting,y_weekday
477,store_目黒店,0.0,GradientBoosting,y_weekday
478,store_相模原店,0.0,GradientBoosting,y_weekday
479,store_港北店,0.0,GradientBoosting,y_weekday
480,store_横浜南店,0.0,GradientBoosting,y_weekday
481,store_清瀬店,0.0,GradientBoosting,y_weekday
482,store_柏店,0.0,GradientBoosting,y_weekday
483,store_桐生店,0.0,GradientBoosting,y_weekday
484,store_横須賀店,0.0,GradientBoosting,y_weekday
485,store_武蔵村山店,0.0,GradientBoosting,y_weekday
486,store_武蔵野店,0.0,GradientBoosting,y_weekday
487,store_水戸店,0.0,GradientBoosting,y_weekday
488,store_福生店,0.0,GradientBoosting,y_weekday
489,store_江戸川店,0.0,GradientBoosting,y_weekday
490,store_江東店,0.0,GradientBoosting,y_weekday
491,store_池尻店,0.0,GradientBoosting,y_weekday
492,store_池袋店,0.0,GradientBoosting,y_weekday
493,store_栄店,0.0,GradientBoosting,y_weekday
494,store_泉店,0.0,GradientBoosting,y_weekday
495,store_栃木店,0.0,GradientBoosting,y_weekday
496,store_浅草店,0.0,GradientBoosting,y_weekday
497,store_浦和店,0.0,GradientBoosting,y_weekday
498,store_横浜緑店,0.0,GradientBoosting,y_weekday
499,store_海老名店,0.0,GradientBoosting,y_weekday
500,store_浦安店,0.0,GradientBoosting,y_weekday
501,store_草加店,0.0,GradientBoosting,y_weekday
502,store_秦野店,0.0,GradientBoosting,y_weekday
503,store_赤羽店,0.0,GradientBoosting,y_weekday
504,store_足利店,0.0,GradientBoosting,y_weekday
505,store_足柄上店,0.0,GradientBoosting,y_weekday
506,store_足立店,0.0,GradientBoosting,y_weekday
507,store_那珂店,0.0,GradientBoosting,y_weekday
508,store_都筑店,0.0,GradientBoosting,y_weekday
509,store_金沢店,0.0,GradientBoosting,y_weekday
510,store_銀座店,0.0,GradientBoosting,y_weekday
511,store_鎌倉店,0.0,GradientBoosting,y_weekday
512,store_青山店,0.0,GradientBoosting,y_weekday
513,store_青梅店,0.0,GradientBoosting,y_weekday
514,store_青葉店,0.0,GradientBoosting,y_weekday
515,store_駒沢店,0.0,GradientBoosting,y_weekday
516,store_高円寺店,0.0,GradientBoosting,y_weekday
517,store_高島平店,0.0,GradientBoosting,y_weekday
518,store_高崎店,0.0,GradientBoosting,y_weekday
519,store_高座店,0.0,GradientBoosting,y_weekday
520,store_高津店,0.0,GradientBoosting,y_weekday
521,store_高田馬場店,0.0,GradientBoosting,y_weekday
522,store_鴻巣店,0.0,GradientBoosting,y_weekday
523,store_越谷店,0.0,GradientBoosting,y_weekday
524,store_赤坂店,0.0,GradientBoosting,y_weekday
525,store_立川店,0.0,GradientBoosting,y_weekday
526,store_谷中店,0.0,GradientBoosting,y_weekday
527,store_綾瀬店,0.0,GradientBoosting,y_weekday
528,store_練馬店,0.0,GradientBoosting,y_weekday
529,store_羽村店,0.0,GradientBoosting,y_weekday
530,store_習志野店,0.0,GradientBoosting,y_weekday
531,store_自由が丘店,0.0,GradientBoosting,y_weekday
532,store_船橋店,0.0,GradientBoosting,y_weekday
533,store_若葉店,0.0,GradientBoosting,y_weekday
534,store_茂原店,0.0,GradientBoosting,y_weekday
535,store_茅ヶ崎店,0.0,GradientBoosting,y_weekday
536,store_松戸店,0.0,GradientBoosting,y_weekday
537,store_荒川店,0.0,GradientBoosting,y_weekday
538,store_荻窪店,0.0,GradientBoosting,y_weekday
539,store_葛飾店,0.0,GradientBoosting,y_weekday
540,store_蒲田店,0.0,GradientBoosting,y_weekday
541,store_藤沢店,0.0,GradientBoosting,y_weekday
542,store_行田店,0.0,GradientBoosting,y_weekday
543,store_西東京店,0.0,GradientBoosting,y_weekday
544,store_西葛西店,0.0,GradientBoosting,y_weekday
545,store_調布店,0.0,GradientBoosting,y_weekday
546,store_板橋店,0.0,GradientBoosting,y_weekday
547,store_日本橋店,0.0,GradientBoosting,y_weekday
548,store_東松山店,0.0,GradientBoosting,y_weekday
549,store_八潮店,0.0,GradientBoosting,y_weekday
550,store_六本木店,0.0,GradientBoosting,y_weekday
551,store_北千住店,0.0,GradientBoosting,y_weekday
552,store_千葉中央店,0.0,GradientBoosting,y_weekday
553,store_千葉緑店,0.0,GradientBoosting,y_weekday
554,store_南砂店,0.0,GradientBoosting,y_weekday
555,store_南足柄店,0.0,GradientBoosting,y_weekday
556,store_厚木店,0.0,GradientBoosting,y_weekday
557,store_取手店,0.0,GradientBoosting,y_weekday
558,store_向島店,0.0,GradientBoosting,y_weekday
559,store_君津店,0.0,GradientBoosting,y_weekday
560,store_和光店,0.0,GradientBoosting,y_weekday
561,store_品川店,0.0,GradientBoosting,y_weekday
562,store_四街道店,0.0,GradientBoosting,y_weekday
563,store_国分寺店,0.0,GradientBoosting,y_weekday
564,store_国立店,0.0,GradientBoosting,y_weekday
565,store_坂戸店,0.0,GradientBoosting,y_weekday
566,store_墨田店,0.0,GradientBoosting,y_weekday
567,store_大久保店,0.0,GradientBoosting,y_weekday
568,store_大井店,0.0,GradientBoosting,y_weekday
569,store_八王子店,0.0,GradientBoosting,y_weekday
570,store_八千代店,0.0,GradientBoosting,y_weekday
571,store_大塚店,0.0,GradientBoosting,y_weekday
572,store_入間店,0.0,GradientBoosting,y_weekday
573,store_あきる野店,0.0,GradientBoosting,y_weekday
574,store_さいたま南店,0.0,GradientBoosting,y_weekday
575,store_さいたま西店,0.0,GradientBoosting,y_weekday
576,store_つくば店,0.0,GradientBoosting,y_weekday
577,store_三浦店,0.0,GradientBoosting,y_weekday
578,store_三鷹店,0.0,GradientBoosting,y_weekday
579,store_上野店,0.0,GradientBoosting,y_weekday
580,store_世田谷店,0.0,GradientBoosting,y_weekday
581,store_中原店,0.0,GradientBoosting,y_weekday
582,store_中店,0.0,GradientBoosting,y_weekday
583,store_中野店,0.0,GradientBoosting,y_weekday
584,store_九段店,0.0,GradientBoosting,y_weekday
585,store_亀有店,0.0,GradientBoosting,y_weekday
586,store_五反田店,0.0,GradientBoosting,y_weekday
587,store_代々木店,0.0,GradientBoosting,y_weekday
588,store_伊勢原店,0.0,GradientBoosting,y_weekday
589,store_伊勢崎店,0.0,GradientBoosting,y_weekday
590,store_佐野店,0.0,GradientBoosting,y_weekday
591,store_保土ケ谷店,0.0,GradientBoosting,y_weekday
592,store_大和店,0.0,GradientBoosting,y_weekday
593,store_大宮店,0.0,GradientBoosting,y_weekday
594,store_東村山店,0.0,GradientBoosting,y_weekday
595,store_府中店,0.0,GradientBoosting,y_weekday
596,store_志木店,0.0,GradientBoosting,y_weekday
597,store_愛甲店,0.0,GradientBoosting,y_weekday
598,store_成城店,0.0,GradientBoosting,y_weekday
599,store_成田店,0.0,GradientBoosting,y_weekday
600,store_我孫子店,0.0,GradientBoosting,y_weekday
601,store_戸田店,0.0,GradientBoosting,y_weekday
602,store_所沢店,0.0,GradientBoosting,y_weekday
603,store_新宿店,0.0,GradientBoosting,y_weekday
604,store_新座店,0.0,GradientBoosting,y_weekday
605,store_日野店,0.0,GradientBoosting,y_weekday
606,store_旭店,0.0,GradientBoosting,y_weekday
607,store_春日部店,0.0,GradientBoosting,y_weekday
608,store_昭島店,0.0,GradientBoosting,y_weekday
609,store_木更津店,0.0,GradientBoosting,y_weekday
610,store_本庄店,0.0,GradientBoosting,y_weekday
611,store_本郷店,0.0,GradientBoosting,y_weekday
612,store_杉並店,0.0,GradientBoosting,y_weekday
613,store_東中野店,0.0,GradientBoosting,y_weekday
614,store_東久留米店,0.0,GradientBoosting,y_weekday
615,store_座間店,0.0,GradientBoosting,y_weekday
616,store_幸店,0.0,GradientBoosting,y_weekday
617,store_大森店,0.0,GradientBoosting,y_weekday
618,store_平塚店,0.0,GradientBoosting,y_weekday
619,store_大田店,0.0,GradientBoosting,y_weekday
620,store_太田店,0.0,GradientBoosting,y_weekday
621,store_宇都宮店,0.0,GradientBoosting,y_weekday
622,store_守谷店,0.0,GradientBoosting,y_weekday
623,store_宮前店,0.0,GradientBoosting,y_weekday
624,store_富岡店,0.0,GradientBoosting,y_weekday
625,store_富津店,0.0,GradientBoosting,y_weekday
626,store_富里店,0.0,GradientBoosting,y_weekday
627,store_小山店,0.0,GradientBoosting,y_weekday
628,store_小平店,0.0,GradientBoosting,y_weekday
629,store_小田原店,0.0,GradientBoosting,y_weekday
630,store_小金井店,0.0,GradientBoosting,y_weekday
631,store_川口店,0.0,GradientBoosting,y_weekday
632,store_川崎多摩店,0.0,GradientBoosting,y_weekday
633,store_川崎店,0.0,GradientBoosting,y_weekday
634,store_川越店,0.0,GradientBoosting,y_weekday
635,store_巣鴨店,0.0,GradientBoosting,y_weekday
636,store_市原店,0.0,GradientBoosting,y_weekday
637,store_市川店,0.0,GradientBoosting,y_weekday
638,store_鶴見店,0.0,GradientBoosting,y_weekday
639,order_weekend,0.288399059022652,tree,y_weekend
640,order_weekday,0.2576877035618003,tree,y_weekend
641,order_delivery,0.0378156152513905,tree,y_weekend
642,order_time_19,0.0358946939677056,tree,y_weekend
643,delta_avg,0.0328370024804674,tree,y_weekend
644,order_time_21,0.031332629114408,tree,y_weekend
645,order_time_12,0.026693147191932,tree,y_weekend
646,order_takeout,0.0262896676499831,tree,y_weekend
647,order_time_11,0.0235867683072477,tree,y_weekend
648,order_time_20,0.0232157156858775,tree,y_weekend
649,order_cancel,0.0227734805948081,tree,y_weekend
650,order_time_17,0.0215146927047396,tree,y_weekend
651,order_time_14,0.0210759494920396,tree,y_weekend
652,order_time_18,0.019327999171128,tree,y_weekend
653,order_time_13,0.0174212238238228,tree,y_weekend
654,order,0.0160747088320044,tree,y_weekend
655,order_time_16,0.0149244152798753,tree,y_weekend
656,order_fin,0.0099357133420216,tree,y_weekend
657,order_time_15,0.0077950031348375,tree,y_weekend
658,store_武蔵村山店,0.002940788118396,tree,y_weekend
659,store_富津店,0.0024885461312122,tree,y_weekend
660,store_旭店,0.0024741313205271,tree,y_weekend
661,store_あきる野店,0.0024581164958786,tree,y_weekend
662,store_高島平店,0.002430387803293,tree,y_weekend
663,store_春日部店,0.0022271576439166,tree,y_weekend
664,store_板橋店,0.0017830191636772,tree,y_weekend
665,store_富里店,0.0017766512380926,tree,y_weekend
666,store_川口店,0.0016886084113056,tree,y_weekend
667,store_大森店,0.001668975405481,tree,y_weekend
668,store_墨田店,0.0016682013502058,tree,y_weekend
669,store_府中店,0.0016636090061263,tree,y_weekend
670,store_巣鴨店,0.0016505663115183,tree,y_weekend
671,store_調布店,0.0016505663115183,tree,y_weekend
672,store_桐生店,0.0016502309474123,tree,y_weekend
673,store_稲城店,0.0016499425147264,tree,y_weekend
674,store_高円寺店,0.0016047172473095,tree,y_weekend
675,store_取手店,0.0016019938577513,tree,y_weekend
676,store_都筑店,0.0015782492593517,tree,y_weekend
677,store_高津店,0.0015636944003858,tree,y_weekend
678,store_狭山店,0.0015552610103471,tree,y_weekend
679,store_六本木店,0.0015461378367761,tree,y_weekend
680,store_相模原店,0.0015114508410416,tree,y_weekend
681,store_金沢店,0.0014886059808066,tree,y_weekend
682,store_鶴見店,0.0014671700546829,tree,y_weekend
683,store_幸店,0.0014510473068293,tree,y_weekend
684,store_栃木店,0.0014510473068293,tree,y_weekend
685,store_石神井店,0.0013754719262653,tree,y_weekend
686,store_戸塚店,0.0012226417122358,tree,y_weekend
687,store_さいたま西店,0.0009501175773244,tree,y_weekend
688,store_荻窪店,0.0009169812841768,tree,y_weekend
689,store_久喜店,0.0009169812841768,tree,y_weekend
690,store_越谷店,0.0009169812841768,tree,y_weekend
691,store_国分寺店,0.0009169812841768,tree,y_weekend
692,store_自由が丘店,0.0009003088971918,tree,y_weekend
693,store_青山店,0.0008842319525991,tree,y_weekend
694,store_宇都宮店,0.0008836365102067,tree,y_weekend
695,store_立川店,0.0008402386169973,tree,y_weekend
696,store_町田店,0.0008376934287781,tree,y_weekend
697,store_佐野店,0.0008232504386267,tree,y_weekend
698,store_熊谷店,0.0008216269305431,tree,y_weekend
699,store_渋谷店,0.000820456938474,tree,y_weekend
700,store_木更津店,0.0008125864918244,tree,y_weekend
701,store_駒沢店,0.0007429064537452,tree,y_weekend
702,store_厚木店,0.000507027852919,tree,y_weekend
703,store_伊勢原店,0.0003488124884908,tree,y_weekend
704,store_伊勢崎店,0.0002770047629284,tree,y_weekend
705,store_流山店,0.0,tree,y_weekend
706,store_神奈川店,0.0,tree,y_weekend
707,store_神田店,0.0,tree,y_weekend
708,store_福生店,0.0,tree,y_weekend
709,store_秦野店,0.0,tree,y_weekend
710,store_清瀬店,0.0,tree,y_weekend
711,store_磯子店,0.0,tree,y_weekend
712,store_泉店,0.0,tree,y_weekend
713,store_池袋店,0.0,tree,y_weekend
714,store_綾瀬店,0.0,tree,y_weekend
715,store_練馬店,0.0,tree,y_weekend
716,store_池尻店,0.0,tree,y_weekend
717,store_羽村店,0.0,tree,y_weekend
718,store_上尾店,0.0,tree,y_weekend
719,store_浦和店,0.0,tree,y_weekend
720,store_浅草店,0.0,tree,y_weekend
721,store_上野店,0.0,tree,y_weekend
722,store_海老名店,0.0,tree,y_weekend
723,store_目黒店,0.0,tree,y_weekend
724,store_白井店,0.0,tree,y_weekend
725,store_浦安店,0.0,tree,y_weekend
726,store_羽生店,0.0,tree,y_weekend
727,store_王子店,0.0,tree,y_weekend
728,store_世田谷店,0.0,tree,y_weekend
729,store_狛江店,0.0,tree,y_weekend
730,store_瀬谷店,0.0,tree,y_weekend
731,store_港南店,0.0,tree,y_weekend
732,store_港北店,0.0,tree,y_weekend
733,store_八潮店,0.0,tree,y_weekend
734,store_茅ヶ崎店,0.0,tree,y_weekend
735,store_習志野店,0.0,tree,y_weekend
736,store_青葉店,0.0,tree,y_weekend
737,store_逗子店,0.0,tree,y_weekend
738,store_那珂店,0.0,tree,y_weekend
739,store_三浦店,0.0,tree,y_weekend
740,store_つくば店,0.0,tree,y_weekend
741,store_銀座店,0.0,tree,y_weekend
742,store_鎌倉店,0.0,tree,y_weekend
743,store_青梅店,0.0,tree,y_weekend
744,store_館林店,0.0,tree,y_weekend
745,store_船橋店,0.0,tree,y_weekend
746,store_駒込店,0.0,tree,y_weekend
747,store_さいたま緑店,0.0,tree,y_weekend
748,store_高崎店,0.0,tree,y_weekend
749,store_高座店,0.0,tree,y_weekend
750,store_さいたま南店,0.0,tree,y_weekend
751,store_高田馬場店,0.0,tree,y_weekend
752,store_鴻巣店,0.0,tree,y_weekend
753,store_足立店,0.0,tree,y_weekend
754,store_足柄上店,0.0,tree,y_weekend
755,store_足利店,0.0,tree,y_weekend
756,store_赤羽店,0.0,tree,y_weekend
757,store_若葉店,0.0,tree,y_weekend
758,store_茂原店,0.0,tree,y_weekend
759,store_江戸川店,0.0,tree,y_weekend
760,store_草加店,0.0,tree,y_weekend
761,store_荒川店,0.0,tree,y_weekend
762,store_葛飾店,0.0,tree,y_weekend
763,store_蒲田店,0.0,tree,y_weekend
764,store_藤沢店,0.0,tree,y_weekend
765,store_行田店,0.0,tree,y_weekend
766,store_西多摩店,0.0,tree,y_weekend
767,store_西東京店,0.0,tree,y_weekend
768,store_西葛西店,0.0,tree,y_weekend
769,store_三鷹店,0.0,tree,y_weekend
770,store_谷中店,0.0,tree,y_weekend
771,store_赤坂店,0.0,tree,y_weekend
772,store_江東店,0.0,tree,y_weekend
773,store_横浜南店,0.0,tree,y_weekend
774,store_水戸店,0.0,tree,y_weekend
775,store_富岡店,0.0,tree,y_weekend
776,store_大塚店,0.0,tree,y_weekend
777,store_大宮店,0.0,tree,y_weekend
778,store_大泉店,0.0,tree,y_weekend
779,store_大田店,0.0,tree,y_weekend
780,store_太田店,0.0,tree,y_weekend
781,store_守谷店,0.0,tree,y_weekend
782,store_宮前店,0.0,tree,y_weekend
783,store_佐倉店,0.0,tree,y_weekend
784,store_大井店,0.0,tree,y_weekend
785,store_小山店,0.0,tree,y_weekend
786,store_小平店,0.0,tree,y_weekend
787,store_小田原店,0.0,tree,y_weekend
788,store_小金井店,0.0,tree,y_weekend
789,store_川崎多摩店,0.0,tree,y_weekend
790,store_川崎店,0.0,tree,y_weekend
791,store_川越店,0.0,tree,y_weekend
792,store_大和店,0.0,tree,y_weekend
793,store_大久保店,0.0,tree,y_weekend
794,store_武蔵野店,0.0,tree,y_weekend
795,store_入間店,0.0,tree,y_weekend
796,store_八千代店,0.0,tree,y_weekend
797,store_前橋店,0.0,tree,y_weekend
798,store_北千住店,0.0,tree,y_weekend
799,store_千葉中央店,0.0,tree,y_weekend
800,store_千葉緑店,0.0,tree,y_weekend
801,store_南砂店,0.0,tree,y_weekend
802,store_南足柄店,0.0,tree,y_weekend
803,store_向島店,0.0,tree,y_weekend
804,store_多摩店,0.0,tree,y_weekend
805,store_君津店,0.0,tree,y_weekend
806,store_和光店,0.0,tree,y_weekend
807,store_品川店,0.0,tree,y_weekend
808,store_四街道店,0.0,tree,y_weekend
809,store_国立店,0.0,tree,y_weekend
810,store_坂戸店,0.0,tree,y_weekend
811,store_保土ケ谷店,0.0,tree,y_weekend
812,store_代々木店,0.0,tree,y_weekend
813,store_市原店,0.0,tree,y_weekend
814,store_市川店,0.0,tree,y_weekend
815,store_松戸店,0.0,tree,y_weekend
816,store_杉並店,0.0,tree,y_weekend
817,store_東中野店,0.0,tree,y_weekend
818,store_東久留米店,0.0,tree,y_weekend
819,store_東大和店,0.0,tree,y_weekend
820,store_東尾久店,0.0,tree,y_weekend
821,store_東村山店,0.0,tree,y_weekend
822,store_東松山店,0.0,tree,y_weekend
823,store_中野店,0.0,tree,y_weekend
824,store_平塚店,0.0,tree,y_weekend
825,store_柏店,0.0,tree,y_weekend
826,store_栄店,0.0,tree,y_weekend
827,store_中店,0.0,tree,y_weekend
828,store_八王子店,0.0,tree,y_weekend
829,store_横浜緑店,0.0,tree,y_weekend
830,store_横須賀店,0.0,tree,y_weekend
831,store_中原店,0.0,tree,y_weekend
832,store_本郷店,0.0,tree,y_weekend
833,store_本庄店,0.0,tree,y_weekend
834,store_昭島店,0.0,tree,y_weekend
835,store_九段店,0.0,tree,y_weekend
836,store_五反田店,0.0,tree,y_weekend
837,store_座間店,0.0,tree,y_weekend
838,store_志木店,0.0,tree,y_weekend
839,store_恵比寿店,0.0,tree,y_weekend
840,store_愛甲店,0.0,tree,y_weekend
841,store_成城店,0.0,tree,y_weekend
842,store_成田店,0.0,tree,y_weekend
843,store_我孫子店,0.0,tree,y_weekend
844,store_戸田店,0.0,tree,y_weekend
845,store_所沢店,0.0,tree,y_weekend
846,store_新宿店,0.0,tree,y_weekend
847,store_新座店,0.0,tree,y_weekend
848,store_亀有店,0.0,tree,y_weekend
849,store_日立店,0.0,tree,y_weekend
850,store_日野店,0.0,tree,y_weekend
851,store_日本橋店,0.0,tree,y_weekend
852,order_weekend,0.1947777115724687,RandomForest,y_weekend
853,order_weekday,0.0942757816495429,RandomForest,y_weekend
854,order,0.0479969359004019,RandomForest,y_weekend
855,order_delivery,0.0464859397409651,RandomForest,y_weekend
856,order_fin,0.0446143597289403,RandomForest,y_weekend
857,order_takeout,0.0408318796707645,RandomForest,y_weekend
858,delta_avg,0.0368159763105324,RandomForest,y_weekend
859,order_time_16,0.0361703308710848,RandomForest,y_weekend
860,order_cancel,0.0357102374750199,RandomForest,y_weekend
861,order_time_12,0.0354208805919473,RandomForest,y_weekend
862,order_time_11,0.0351916964513792,RandomForest,y_weekend
863,order_time_19,0.0346175030836799,RandomForest,y_weekend
864,order_time_18,0.0338517131446284,RandomForest,y_weekend
865,order_time_15,0.0336811191668216,RandomForest,y_weekend
866,order_time_21,0.0328662127711662,RandomForest,y_weekend
867,order_time_17,0.0327967873745709,RandomForest,y_weekend
868,order_time_14,0.0323642959148626,RandomForest,y_weekend
869,order_time_20,0.0319207328572453,RandomForest,y_weekend
870,order_time_13,0.0314944294330022,RandomForest,y_weekend
871,store_あきる野店,0.0010229409355118,RandomForest,y_weekend
872,store_愛甲店,0.0009508220022149,RandomForest,y_weekend
873,store_旭店,0.0009474014735534,RandomForest,y_weekend
874,store_幸店,0.0009341601647022,RandomForest,y_weekend
875,store_新宿店,0.0008734231240317,RandomForest,y_weekend
876,store_立川店,0.0008627836403812,RandomForest,y_weekend
877,store_千葉中央店,0.0008162392294626,RandomForest,y_weekend
878,store_亀有店,0.0008109332505354,RandomForest,y_weekend
879,store_厚木店,0.0007946874029192,RandomForest,y_weekend
880,store_墨田店,0.0007860394891117,RandomForest,y_weekend
881,store_成城店,0.0007820244047889,RandomForest,y_weekend
882,store_足柄上店,0.0007722916218098,RandomForest,y_weekend
883,store_目黒店,0.0007629667238388,RandomForest,y_weekend
884,store_葛飾店,0.0007466563264612,RandomForest,y_weekend
885,store_鴻巣店,0.0007361304829607,RandomForest,y_weekend
886,store_江東店,0.0007294734889566,RandomForest,y_weekend
887,store_逗子店,0.0007161174402757,RandomForest,y_weekend
888,store_自由が丘店,0.00070473750801,RandomForest,y_weekend
889,store_相模原店,0.0007039006430262,RandomForest,y_weekend
890,store_座間店,0.0007017882146678,RandomForest,y_weekend
891,store_狛江店,0.0006905002830911,RandomForest,y_weekend
892,store_宇都宮店,0.0006669373892945,RandomForest,y_weekend
893,store_浦和店,0.0006615639923304,RandomForest,y_weekend
894,store_高津店,0.0006525812301315,RandomForest,y_weekend
895,store_八潮店,0.0006505717090604,RandomForest,y_weekend
896,store_金沢店,0.0006474237968938,RandomForest,y_weekend
897,store_高島平店,0.0006370627580723,RandomForest,y_weekend
898,store_水戸店,0.0006347405479222,RandomForest,y_weekend
899,store_横須賀店,0.000626053511556,RandomForest,y_weekend
900,store_福生店,0.0006242189911056,RandomForest,y_weekend
901,store_さいたま南店,0.0006017922673428,RandomForest,y_weekend
902,store_狭山店,0.0006005903534194,RandomForest,y_weekend
903,store_那珂店,0.0005975685215891,RandomForest,y_weekend
904,store_木更津店,0.0005967348008969,RandomForest,y_weekend
905,store_代々木店,0.0005938719304224,RandomForest,y_weekend
906,store_都筑店,0.0005830955110315,RandomForest,y_weekend
907,store_大田店,0.00057778164608,RandomForest,y_weekend
908,store_三鷹店,0.0005722615143066,RandomForest,y_weekend
909,store_伊勢原店,0.0005714806653452,RandomForest,y_weekend
910,store_東村山店,0.0005671106896749,RandomForest,y_weekend
911,store_習志野店,0.0005596594455062,RandomForest,y_weekend
912,store_上野店,0.0005594425967062,RandomForest,y_weekend
913,store_大泉店,0.0005562481411425,RandomForest,y_weekend
914,store_東中野店,0.0005542766393516,RandomForest,y_weekend
915,store_駒沢店,0.0005494760830145,RandomForest,y_weekend
916,store_桐生店,0.000547943869117,RandomForest,y_weekend
917,store_茂原店,0.0005473187909339,RandomForest,y_weekend
918,store_伊勢崎店,0.0005472075377463,RandomForest,y_weekend
919,store_大森店,0.0005439485290695,RandomForest,y_weekend
920,store_越谷店,0.0005418869336694,RandomForest,y_weekend
921,store_船橋店,0.0005380091136984,RandomForest,y_weekend
922,store_羽生店,0.0005349866879282,RandomForest,y_weekend
923,store_羽村店,0.0005288134687122,RandomForest,y_weekend
924,store_八王子店,0.0005280210974007,RandomForest,y_weekend
925,store_佐倉店,0.0005279315576584,RandomForest,y_weekend
926,store_太田店,0.0005264675705717,RandomForest,y_weekend
927,store_五反田店,0.0005245353452312,RandomForest,y_weekend
928,store_横浜南店,0.0005231051084909,RandomForest,y_weekend
929,store_取手店,0.0005187592508947,RandomForest,y_weekend
930,store_守谷店,0.000504199641132,RandomForest,y_weekend
931,store_和光店,0.0005034179633798,RandomForest,y_weekend
932,store_鶴見店,0.0004988904023497,RandomForest,y_weekend
933,store_さいたま緑店,0.0004988834784959,RandomForest,y_weekend
934,store_大久保店,0.0004975613501466,RandomForest,y_weekend
935,store_さいたま西店,0.0004972220942319,RandomForest,y_weekend
936,store_港南店,0.0004967393359722,RandomForest,y_weekend
937,store_泉店,0.0004930456709241,RandomForest,y_weekend
938,store_向島店,0.0004922196127368,RandomForest,y_weekend
939,store_板橋店,0.0004856554396008,RandomForest,y_weekend
940,store_三浦店,0.0004855257111936,RandomForest,y_weekend
941,store_戸塚店,0.0004846644149573,RandomForest,y_weekend
942,store_春日部店,0.0004802761702803,RandomForest,y_weekend
943,store_大塚店,0.0004752160256343,RandomForest,y_weekend
944,store_我孫子店,0.000474704221933,RandomForest,y_weekend
945,store_館林店,0.0004744676814733,RandomForest,y_weekend
946,store_荒川店,0.0004742002466196,RandomForest,y_weekend
947,store_磯子店,0.0004739901741159,RandomForest,y_weekend
948,store_小田原店,0.0004736922816824,RandomForest,y_weekend
949,store_若葉店,0.0004729431479668,RandomForest,y_weekend
950,store_高崎店,0.0004722646553613,RandomForest,y_weekend
951,store_川口店,0.0004636881732444,RandomForest,y_weekend
952,store_成田店,0.0004625396887797,RandomForest,y_weekend
953,store_武蔵村山店,0.0004614273511186,RandomForest,y_weekend
954,store_熊谷店,0.000460843432123,RandomForest,y_weekend
955,store_君津店,0.0004578060590477,RandomForest,y_weekend
956,store_渋谷店,0.0004567822619807,RandomForest,y_weekend
957,store_小金井店,0.000451573185267,RandomForest,y_weekend
958,store_茅ヶ崎店,0.000450235683203,RandomForest,y_weekend
959,store_高円寺店,0.0004481714172483,RandomForest,y_weekend
960,store_柏店,0.0004481509685023,RandomForest,y_weekend
961,store_石神井店,0.0004465928860996,RandomForest,y_weekend
962,store_荻窪店,0.0004451646526504,RandomForest,y_weekend
963,store_品川店,0.0004427207594201,RandomForest,y_weekend
964,store_足利店,0.0004419575672506,RandomForest,y_weekend
965,store_北千住店,0.0004410033316635,RandomForest,y_weekend
966,store_八千代店,0.0004407131636303,RandomForest,y_weekend
967,store_久喜店,0.00044001757836,RandomForest,y_weekend
968,store_川崎多摩店,0.0004394815585188,RandomForest,y_weekend
969,store_日本橋店,0.0004390016241782,RandomForest,y_weekend
970,store_府中店,0.0004381116074442,RandomForest,y_weekend
971,store_浅草店,0.0004374497481172,RandomForest,y_weekend
972,store_草加店,0.0004325581895622,RandomForest,y_weekend
973,store_南足柄店,0.0004271552199128,RandomForest,y_weekend
974,store_富津店,0.0004249238168665,RandomForest,y_weekend
975,store_西東京店,0.0004191911012,RandomForest,y_weekend
976,store_鎌倉店,0.0004170796109986,RandomForest,y_weekend
977,store_六本木店,0.0004160043519225,RandomForest,y_weekend
978,store_昭島店,0.000414735693676,RandomForest,y_weekend
979,store_青山店,0.0004124977847734,RandomForest,y_weekend
980,store_中原店,0.0004121729483154,RandomForest,y_weekend
981,store_東大和店,0.0004110410917793,RandomForest,y_weekend
982,store_行田店,0.000410079439014,RandomForest,y_weekend
983,store_多摩店,0.0004066227601463,RandomForest,y_weekend
984,store_新座店,0.0004044965034511,RandomForest,y_weekend
985,store_戸田店,0.0004044213748441,RandomForest,y_weekend
986,store_神奈川店,0.0004019865461272,RandomForest,y_weekend
987,store_銀座店,0.0003992191034407,RandomForest,y_weekend
988,store_九段店,0.000397245960502,RandomForest,y_weekend
989,store_池袋店,0.0003968462850212,RandomForest,y_weekend
990,store_東尾久店,0.0003966531268466,RandomForest,y_weekend
991,store_高座店,0.0003954729982695,RandomForest,y_weekend
992,store_恵比寿店,0.0003948361093595,RandomForest,y_weekend
993,store_富岡店,0.0003918383857181,RandomForest,y_weekend
994,store_本庄店,0.0003859440764377,RandomForest,y_weekend
995,store_国分寺店,0.0003859150335331,RandomForest,y_weekend
996,store_杉並店,0.000384289075679,RandomForest,y_weekend
997,store_蒲田店,0.0003811187702236,RandomForest,y_weekend
998,store_藤沢店,0.0003761406739546,RandomForest,y_weekend
999,store_瀬谷店,0.0003758702080052,RandomForest,y_weekend
1000,store_前橋店,0.0003750919578236,RandomForest,y_weekend
1001,store_巣鴨店,0.0003749217165431,RandomForest,y_weekend
1002,store_赤羽店,0.0003730529164944,RandomForest,y_weekend
1003,store_西葛西店,0.0003725187840061,RandomForest,y_weekend
1004,store_白井店,0.0003691506917728,RandomForest,y_weekend
1005,store_保土ケ谷店,0.0003662245205755,RandomForest,y_weekend
1006,store_つくば店,0.0003625666485596,RandomForest,y_weekend
1007,store_東松山店,0.0003598303369356,RandomForest,y_weekend
1008,store_武蔵野店,0.0003579612543449,RandomForest,y_weekend
1009,store_足立店,0.000357282172866,RandomForest,y_weekend
1010,store_大宮店,0.0003528359896922,RandomForest,y_weekend
1011,store_日野店,0.0003522860341635,RandomForest,y_weekend
1012,store_世田谷店,0.000348911748711,RandomForest,y_weekend
1013,store_流山店,0.0003478697745152,RandomForest,y_weekend
1014,store_栃木店,0.000347830676755,RandomForest,y_weekend
1015,store_南砂店,0.0003475186195009,RandomForest,y_weekend
1016,store_稲城店,0.0003468615647264,RandomForest,y_weekend
1017,store_谷中店,0.0003428747076248,RandomForest,y_weekend
1018,store_富里店,0.0003417535460721,RandomForest,y_weekend
1019,store_川越店,0.0003411630227675,RandomForest,y_weekend
1020,store_神田店,0.0003384416235382,RandomForest,y_weekend
1021,store_浦安店,0.0003289570416774,RandomForest,y_weekend
1022,store_大井店,0.0003240323877626,RandomForest,y_weekend
1023,store_町田店,0.0003215543916732,RandomForest,y_weekend
1024,store_駒込店,0.0003207178935069,RandomForest,y_weekend
1025,store_小平店,0.0003182948763346,RandomForest,y_weekend
1026,store_清瀬店,0.0003133806064441,RandomForest,y_weekend
1027,store_入間店,0.0003066811391355,RandomForest,y_weekend
1028,store_市川店,0.0003043329013648,RandomForest,y_weekend
1029,store_江戸川店,0.0003043079396363,RandomForest,y_weekend
1030,store_青梅店,0.000297460637082,RandomForest,y_weekend
1031,store_大和店,0.0002954614236771,RandomForest,y_weekend
1032,store_海老名店,0.000291938391899,RandomForest,y_weekend
1033,store_池尻店,0.0002905259726508,RandomForest,y_weekend
1034,store_西多摩店,0.0002822434383941,RandomForest,y_weekend
1035,store_川崎店,0.000280092432852,RandomForest,y_weekend
1036,store_赤坂店,0.0002724336724799,RandomForest,y_weekend
1037,store_松戸店,0.0002692251315267,RandomForest,y_weekend
1038,store_四街道店,0.0002639301721612,RandomForest,y_weekend
1039,store_平塚店,0.0002630622153544,RandomForest,y_weekend
1040,store_横浜緑店,0.0002615898924535,RandomForest,y_weekend
1041,store_小山店,0.0002582591031488,RandomForest,y_weekend
1042,store_中野店,0.0002574849005697,RandomForest,y_weekend
1043,store_調布店,0.0002538048818618,RandomForest,y_weekend
1044,store_佐野店,0.0002526224041013,RandomForest,y_weekend
1045,store_市原店,0.0002503896924538,RandomForest,y_weekend
1046,store_上尾店,0.0002474709464262,RandomForest,y_weekend
1047,store_国立店,0.0002469810879162,RandomForest,y_weekend
1048,store_港北店,0.0002468867105038,RandomForest,y_weekend
1049,store_千葉緑店,0.0002368438967288,RandomForest,y_weekend
1050,store_秦野店,0.0002277887460435,RandomForest,y_weekend
1051,store_日立店,0.0002265136784122,RandomForest,y_weekend
1052,store_練馬店,0.0002263510247791,RandomForest,y_weekend
1053,store_東久留米店,0.0002258738782534,RandomForest,y_weekend
1054,store_青葉店,0.0002208462882404,RandomForest,y_weekend
1055,store_高田馬場店,0.0002151996096753,RandomForest,y_weekend
1056,store_栄店,0.000193064398198,RandomForest,y_weekend
1057,store_中店,0.0001899479014643,RandomForest,y_weekend
1058,store_坂戸店,0.0001896850653497,RandomForest,y_weekend
1059,store_所沢店,0.0001804846265145,RandomForest,y_weekend
1060,store_王子店,0.0001804638301988,RandomForest,y_weekend
1061,store_本郷店,0.0001656165518767,RandomForest,y_weekend
1062,store_志木店,0.0001640257937434,RandomForest,y_weekend
1063,store_綾瀬店,0.0001042764366615,RandomForest,y_weekend
1064,store_宮前店,0.0001003578705446,RandomForest,y_weekend
1065,order_weekend,0.4951488395747095,GradientBoosting,y_weekend
1066,order_weekday,0.3799149727075531,GradientBoosting,y_weekend
1067,order_time_16,0.0129154926679508,GradientBoosting,y_weekend
1068,order,0.0096681803164913,GradientBoosting,y_weekend
1069,order_time_11,0.0095068187684235,GradientBoosting,y_weekend
1070,delta_avg,0.0092558237239693,GradientBoosting,y_weekend
1071,order_time_19,0.0088214697501485,GradientBoosting,y_weekend
1072,order_time_13,0.0081647335653328,GradientBoosting,y_weekend
1073,order_fin,0.0071786090041895,GradientBoosting,y_weekend
1074,order_time_18,0.0065363802623135,GradientBoosting,y_weekend
1075,order_takeout,0.0061108516760181,GradientBoosting,y_weekend
1076,order_cancel,0.0059985896831811,GradientBoosting,y_weekend
1077,order_time_21,0.00546559177241,GradientBoosting,y_weekend
1078,order_time_20,0.0050337938520577,GradientBoosting,y_weekend
1079,order_delivery,0.0049258511800594,GradientBoosting,y_weekend
1080,order_time_14,0.0037981197189601,GradientBoosting,y_weekend
1081,order_time_17,0.003411629803124,GradientBoosting,y_weekend
1082,order_time_15,0.0030404773697236,GradientBoosting,y_weekend
1083,order_time_12,0.0019248368876761,GradientBoosting,y_weekend
1084,store_都筑店,0.0010200808343304,GradientBoosting,y_weekend
1085,store_厚木店,0.0007669216057771,GradientBoosting,y_weekend
1086,store_池尻店,0.0007595719557716,GradientBoosting,y_weekend
1087,store_旭店,0.0006598788013734,GradientBoosting,y_weekend
1088,store_大田店,0.000635934717007,GradientBoosting,y_weekend
1089,store_あきる野店,0.0006150010708169,GradientBoosting,y_weekend
1090,store_新宿店,0.0005967145195061,GradientBoosting,y_weekend
1091,store_高島平店,0.0005462870101411,GradientBoosting,y_weekend
1092,store_幸店,0.000523510972147,GradientBoosting,y_weekend
1093,store_太田店,0.0005053638786251,GradientBoosting,y_weekend
1094,store_東大和店,0.0004752725050503,GradientBoosting,y_weekend
1095,store_目黒店,0.0004736512778882,GradientBoosting,y_weekend
1096,store_自由が丘店,0.0004196898319837,GradientBoosting,y_weekend
1097,store_泉店,0.0004159555754479,GradientBoosting,y_weekend
1098,store_伊勢崎店,0.0004007613001831,GradientBoosting,y_weekend
1099,store_茂原店,0.0003904836847055,GradientBoosting,y_weekend
1100,store_大泉店,0.0003751679202514,GradientBoosting,y_weekend
1101,store_墨田店,0.0003744080764554,GradientBoosting,y_weekend
1102,store_金沢店,0.0003535418915597,GradientBoosting,y_weekend
1103,store_鴻巣店,0.0003338821750282,GradientBoosting,y_weekend
1104,store_小金井店,0.0003253820013307,GradientBoosting,y_weekend
1105,store_横浜南店,0.0003162971212217,GradientBoosting,y_weekend
1106,store_木更津店,0.0002943200083748,GradientBoosting,y_weekend
1107,store_船橋店,0.0002675322595625,GradientBoosting,y_weekend
1108,store_草加店,0.0002429660059087,GradientBoosting,y_weekend
1109,store_福生店,0.0001580018176715,GradientBoosting,y_weekend
1110,store_江東店,0.0001457045222435,GradientBoosting,y_weekend
1111,store_松戸店,0.0001455707801439,GradientBoosting,y_weekend
1112,store_千葉中央店,0.000140272980657,GradientBoosting,y_weekend
1113,store_浦和店,0.000139200339799,GradientBoosting,y_weekend
1114,store_座間店,0.0001301977256473,GradientBoosting,y_weekend
1115,store_八潮店,0.0001258766169679,GradientBoosting,y_weekend
1116,store_世田谷店,0.0001015202444996,GradientBoosting,y_weekend
1117,store_本郷店,3.882554631029781e-06,GradientBoosting,y_weekend
1118,store_西多摩店,1.3313299736678654e-07,GradientBoosting,y_weekend
1119,store_狭山店,0.0,GradientBoosting,y_weekend
1120,store_王子店,0.0,GradientBoosting,y_weekend
1121,store_狛江店,0.0,GradientBoosting,y_weekend
1122,store_石神井店,0.0,GradientBoosting,y_weekend
1123,store_相模原店,0.0,GradientBoosting,y_weekend
1124,store_白井店,0.0,GradientBoosting,y_weekend
1125,store_町田店,0.0,GradientBoosting,y_weekend
1126,store_清瀬店,0.0,GradientBoosting,y_weekend
1127,store_熊谷店,0.0,GradientBoosting,y_weekend
1128,store_池袋店,0.0,GradientBoosting,y_weekend
1129,store_横須賀店,0.0,GradientBoosting,y_weekend
1130,store_武蔵村山店,0.0,GradientBoosting,y_weekend
1131,store_武蔵野店,0.0,GradientBoosting,y_weekend
1132,store_水戸店,0.0,GradientBoosting,y_weekend
1133,store_江戸川店,0.0,GradientBoosting,y_weekend
1134,store_桐生店,0.0,GradientBoosting,y_weekend
1135,store_神奈川店,0.0,GradientBoosting,y_weekend
1136,store_流山店,0.0,GradientBoosting,y_weekend
1137,store_瀬谷店,0.0,GradientBoosting,y_weekend
1138,store_浅草店,0.0,GradientBoosting,y_weekend
1139,store_浦安店,0.0,GradientBoosting,y_weekend
1140,store_海老名店,0.0,GradientBoosting,y_weekend
1141,store_横浜緑店,0.0,GradientBoosting,y_weekend
1142,store_渋谷店,0.0,GradientBoosting,y_weekend
1143,store_港北店,0.0,GradientBoosting,y_weekend
1144,store_港南店,0.0,GradientBoosting,y_weekend
1145,store_磯子店,0.0,GradientBoosting,y_weekend
1146,store_茅ヶ崎店,0.0,GradientBoosting,y_weekend
1147,store_神田店,0.0,GradientBoosting,y_weekend
1148,store_青梅店,0.0,GradientBoosting,y_weekend
1149,store_足利店,0.0,GradientBoosting,y_weekend
1150,store_足柄上店,0.0,GradientBoosting,y_weekend
1151,store_足立店,0.0,GradientBoosting,y_weekend
1152,store_逗子店,0.0,GradientBoosting,y_weekend
1153,store_那珂店,0.0,GradientBoosting,y_weekend
1154,store_銀座店,0.0,GradientBoosting,y_weekend
1155,store_鎌倉店,0.0,GradientBoosting,y_weekend
1156,store_青山店,0.0,GradientBoosting,y_weekend
1157,store_青葉店,0.0,GradientBoosting,y_weekend
1158,store_赤羽店,0.0,GradientBoosting,y_weekend
1159,store_館林店,0.0,GradientBoosting,y_weekend
1160,store_駒沢店,0.0,GradientBoosting,y_weekend
1161,store_駒込店,0.0,GradientBoosting,y_weekend
1162,store_高円寺店,0.0,GradientBoosting,y_weekend
1163,store_高崎店,0.0,GradientBoosting,y_weekend
1164,store_高座店,0.0,GradientBoosting,y_weekend
1165,store_高津店,0.0,GradientBoosting,y_weekend
1166,store_高田馬場店,0.0,GradientBoosting,y_weekend
1167,store_越谷店,0.0,GradientBoosting,y_weekend
1168,store_赤坂店,0.0,GradientBoosting,y_weekend
1169,store_秦野店,0.0,GradientBoosting,y_weekend
1170,store_栃木店,0.0,GradientBoosting,y_weekend
1171,store_稲城店,0.0,GradientBoosting,y_weekend
1172,store_立川店,0.0,GradientBoosting,y_weekend
1173,store_綾瀬店,0.0,GradientBoosting,y_weekend
1174,store_練馬店,0.0,GradientBoosting,y_weekend
1175,store_羽村店,0.0,GradientBoosting,y_weekend
1176,store_羽生店,0.0,GradientBoosting,y_weekend
1177,store_習志野店,0.0,GradientBoosting,y_weekend
1178,store_若葉店,0.0,GradientBoosting,y_weekend
1179,store_荒川店,0.0,GradientBoosting,y_weekend
1180,store_谷中店,0.0,GradientBoosting,y_weekend
1181,store_荻窪店,0.0,GradientBoosting,y_weekend
1182,store_葛飾店,0.0,GradientBoosting,y_weekend
1183,store_蒲田店,0.0,GradientBoosting,y_weekend
1184,store_藤沢店,0.0,GradientBoosting,y_weekend
1185,store_行田店,0.0,GradientBoosting,y_weekend
1186,store_西東京店,0.0,GradientBoosting,y_weekend
1187,store_西葛西店,0.0,GradientBoosting,y_weekend
1188,store_調布店,0.0,GradientBoosting,y_weekend
1189,store_栄店,0.0,GradientBoosting,y_weekend
1190,store_日本橋店,0.0,GradientBoosting,y_weekend
1191,store_柏店,0.0,GradientBoosting,y_weekend
1192,store_向島店,0.0,GradientBoosting,y_weekend
1193,store_八王子店,0.0,GradientBoosting,y_weekend
1194,store_六本木店,0.0,GradientBoosting,y_weekend
1195,store_前橋店,0.0,GradientBoosting,y_weekend
1196,store_北千住店,0.0,GradientBoosting,y_weekend
1197,store_千葉緑店,0.0,GradientBoosting,y_weekend
1198,store_南砂店,0.0,GradientBoosting,y_weekend
1199,store_南足柄店,0.0,GradientBoosting,y_weekend
1200,store_取手店,0.0,GradientBoosting,y_weekend
1201,store_君津店,0.0,GradientBoosting,y_weekend
1202,store_入間店,0.0,GradientBoosting,y_weekend
1203,store_和光店,0.0,GradientBoosting,y_weekend
1204,store_品川店,0.0,GradientBoosting,y_weekend
1205,store_四街道店,0.0,GradientBoosting,y_weekend
1206,store_国分寺店,0.0,GradientBoosting,y_weekend
1207,store_国立店,0.0,GradientBoosting,y_weekend
1208,store_坂戸店,0.0,GradientBoosting,y_weekend
1209,store_多摩店,0.0,GradientBoosting,y_weekend
1210,store_大久保店,0.0,GradientBoosting,y_weekend
1211,store_八千代店,0.0,GradientBoosting,y_weekend
1212,store_保土ケ谷店,0.0,GradientBoosting,y_weekend
1213,store_大和店,0.0,GradientBoosting,y_weekend
1214,store_中原店,0.0,GradientBoosting,y_weekend
1215,store_さいたま南店,0.0,GradientBoosting,y_weekend
1216,store_さいたま緑店,0.0,GradientBoosting,y_weekend
1217,store_さいたま西店,0.0,GradientBoosting,y_weekend
1218,store_つくば店,0.0,GradientBoosting,y_weekend
1219,store_三浦店,0.0,GradientBoosting,y_weekend
1220,store_三鷹店,0.0,GradientBoosting,y_weekend
1221,store_上尾店,0.0,GradientBoosting,y_weekend
1222,store_上野店,0.0,GradientBoosting,y_weekend
1223,store_中店,0.0,GradientBoosting,y_weekend
1224,store_佐野店,0.0,GradientBoosting,y_weekend
1225,store_中野店,0.0,GradientBoosting,y_weekend
1226,store_久喜店,0.0,GradientBoosting,y_weekend
1227,store_九段店,0.0,GradientBoosting,y_weekend
1228,store_亀有店,0.0,GradientBoosting,y_weekend
1229,store_五反田店,0.0,GradientBoosting,y_weekend
1230,store_代々木店,0.0,GradientBoosting,y_weekend
1231,store_伊勢原店,0.0,GradientBoosting,y_weekend
1232,store_佐倉店,0.0,GradientBoosting,y_weekend
1233,store_大井店,0.0,GradientBoosting,y_weekend
1234,store_大塚店,0.0,GradientBoosting,y_weekend
1235,store_板橋店,0.0,GradientBoosting,y_weekend
1236,store_日野店,0.0,GradientBoosting,y_weekend
1237,store_成城店,0.0,GradientBoosting,y_weekend
1238,store_成田店,0.0,GradientBoosting,y_weekend
1239,store_我孫子店,0.0,GradientBoosting,y_weekend
1240,store_戸塚店,0.0,GradientBoosting,y_weekend
1241,store_戸田店,0.0,GradientBoosting,y_weekend
1242,store_所沢店,0.0,GradientBoosting,y_weekend
1243,store_新座店,0.0,GradientBoosting,y_weekend
1244,store_日立店,0.0,GradientBoosting,y_weekend
1245,store_春日部店,0.0,GradientBoosting,y_weekend
1246,store_恵比寿店,0.0,GradientBoosting,y_weekend
1247,store_昭島店,0.0,GradientBoosting,y_weekend
1248,store_本庄店,0.0,GradientBoosting,y_weekend
1249,store_杉並店,0.0,GradientBoosting,y_weekend
1250,store_東中野店,0.0,GradientBoosting,y_weekend
1251,store_東久留米店,0.0,GradientBoosting,y_weekend
1252,store_東尾久店,0.0,GradientBoosting,y_weekend
1253,store_東村山店,0.0,GradientBoosting,y_weekend
1254,store_東松山店,0.0,GradientBoosting,y_weekend
1255,store_愛甲店,0.0,GradientBoosting,y_weekend
1256,store_志木店,0.0,GradientBoosting,y_weekend
1257,store_大宮店,0.0,GradientBoosting,y_weekend
1258,store_小平店,0.0,GradientBoosting,y_weekend
1259,store_大森店,0.0,GradientBoosting,y_weekend
1260,store_宇都宮店,0.0,GradientBoosting,y_weekend
1261,store_守谷店,0.0,GradientBoosting,y_weekend
1262,store_宮前店,0.0,GradientBoosting,y_weekend
1263,store_富岡店,0.0,GradientBoosting,y_weekend
1264,store_富津店,0.0,GradientBoosting,y_weekend
1265,store_富里店,0.0,GradientBoosting,y_weekend
1266,store_小山店,0.0,GradientBoosting,y_weekend
1267,store_小田原店,0.0,GradientBoosting,y_weekend
1268,store_府中店,0.0,GradientBoosting,y_weekend
1269,store_川口店,0.0,GradientBoosting,y_weekend
1270,store_川崎多摩店,0.0,GradientBoosting,y_weekend
1271,store_川崎店,0.0,GradientBoosting,y_weekend
1272,store_川越店,0.0,GradientBoosting,y_weekend
1273,store_巣鴨店,0.0,GradientBoosting,y_weekend
1274,store_市原店,0.0,GradientBoosting,y_weekend
1275,store_市川店,0.0,GradientBoosting,y_weekend
1276,store_平塚店,0.0,GradientBoosting,y_weekend
1277,store_鶴見店,0.0,GradientBoosting,y_weekend
